25-043,ECOPOL,FEA & CYCLIC ANALYSIS,Active,2025-03-27 00:00:00.000,3,3,0,12000.00,0.00,0,0,0,0,3,0.0
25-114,EPICSYST,V-103,Active,2025-10-31 00:00:00.000,2,2,0,2894.40,0.00,0,0,0,0,2,0.0
25-120,ANDRITZI,DISSOLVING TANK (FABRICATION),Active,2025-11-19 00:00:00.000,4,4,0,394834.17,0.00,0,0,0,0,4,0.0
25-273,VERTCORP,BUFFER TANK 150 OF 224,Active,2025-12-15 00:00:00.000,14,14,0,1363.75,0.00,0,0,0,0,14,0.0
25-274,VERTCORP,BUFFER TANK 151 OF 224,Active,2025-12-15 00:00:00.000,14,14,0,1363.75,0.00,0,0,0,0,14,0.0
25-275,VERTCORP,BUFFER TANK 152 OF 224,Active,2025-12-15 00:00:00.000,14,14,0,1363.75,0.00,0,0,0,0,14,0.0
25-276,VERTCORP,BUFFER TANK 153 OF 224,Active,2025-12-15 00:00:00.000,14,14,0,1363.75,0.00,0,0,0,0,14,0.0
25-277,VERTCORP,BUFFER TANK 154 OF 224,Active,2025-12-15 00:00:00.000,14,14,0,1363.75,0.00,0,0,0,0,14,0.0
25-278,VERTCORP,BUFFER TANK 155 OF 224,Active,2025-12-15 00:00:00.000,14,14,0,1363.75,0.00,0,0,0,0,14,0.0
25-279,VERTCORP,BUFFER TANK 156 OF 224,Active,2025-12-15 00:00:00.000,14,14,0,1363.75,0.00,0,0,0,0,14,0.0
25-280,VERTCORP,BUFFER TANK 157 OF 224,Active,2025-12-15 00:00:00.000,14,14,0,1363.75,0.00,0,0,0,0,14,0.0
25-281,VERTCORP,BUFFER TANK 158 OF 224,Active,2025-12-15 00:00:00.000,14,14,0,1363.75,0.00,0,0,0,0,14,0.0
25-282,VERTCORP,BUFFER TANK 159 OF 224,Active,2025-12-15 00:00:00.000,14,14,0,1363.75,0.00,0,0,0,0,14,0.0
25-283,VERTCORP,BUFFER TANK 160 OF 224,Active,2025-12-15 00:00:00.000,14,14,0,1363.75,0.00,0,0,0,0,14,0.0
25-284,VERTCORP,BUFFER TANK 161 OF 224,Active,2025-12-15 00:00:00.000,14,14,0,1363.75,0.00,0,0,0,0,14,0.0
25-285,VERTCORP,BUFFER TANK 162 OF 224,Active,2025-12-15 00:00:00.000,14,14,0,1363.75,0.00,0,0,0,0,14,0.0
25-286,VERTCORP,BUFFER TANK 163 OF 224,Active,2025-12-15 00:00:00.000,14,14,0,1363.75,0.00,0,0,0,0,14,0.0
25-287,VERTCORP,BUFFER TANK 164 OF 224,Active,2025-12-15 00:00:00.000,14,14,0,1363.75,0.00,0,0,0,0,14,0.0
25-288,VERTCORP,BUFFER TANK 165 OF 224,Active,2025-12-15 00:00:00.000,14,14,0,1363.75,0.00,0,0,0,0,14,0.0
25-289,VERTCORP,BUFFER TANK 166 OF 224,Active,2025-12-15 00:00:00.000,14,14,0,1363.75,0.00,0,0,0,0,14,0.0
25-290,VERTCORP,BUFFER TANK 167 OF 224,Active,2025-12-15 00:00:00.000,14,14,0,1363.75,0.00,0,0,0,0,14,0.0
25-291,VERTCORP,BUFFER TANK 168 OF 224,Active,2025-12-15 00:00:00.000,14,14,0,1363.75,0.00,0,0,0,0,14,0.0
25-292,VERTCORP,BUFFER TANK 169 OF 224,Active,2025-12-15 00:00:00.000,14,14,0,1363.75,0.00,0,0,0,0,14,0.0
25-293,VERTCORP,BUFFER TANK 170 OF 224,Active,2025-12-15 00:00:00.000,14,14,0,1363.75,0.00,0,0,0,0,14,0.0
25-294,VERTCORP,BUFFER TANK 171 OF 224,Active,2025-12-15 00:00:00.000,14,14,0,1363.75,0.00,0,0,0,0,14,0.0
25-295,VERTCORP,BUFFER TANK 172 OF 224,Active,2025-12-15 00:00:00.000,14,14,0,1363.75,0.00,0,0,0,0,14,0.0
25-296,VERTCORP,BUFFER TANK 173 OF 224,Active,2025-12-15 00:00:00.000,14,14,0,1363.75,0.00,0,0,0,0,14,0.0
25-297,VERTCORP,BUFFER TANK 174 OF 224,Active,2025-12-15 00:00:00.000,14,14,0,1363.75,0.00,0,0,0,0,14,0.0
25-298,VERTCORP,BUFFER TANK 175 OF 224,Active,2025-12-15 00:00:00.000,14,14,0,1363.75,0.00,0,0,0,0,14,0.0
25-299,VERTCORP,BUFFER TANK 176 OF 224,Active,2025-12-15 00:00:00.000,14,14,0,1363.75,0.00,0,0,0,0,14,0.0
25-300,VERTCORP,BUFFER TANK 177 OF 224,Active,2025-12-15 00:00:00.000,14,14,0,1363.75,0.00,0,0,0,0,14,0.0
25-301,VERTCORP,BUFFER TANK 178 OF 224,Active,2025-12-15 00:00:00.000,14,14,0,1363.75,0.00,0,0,0,0,14,0.0
25-302,VERTCORP,BUFFER TANK 179 OF 224,Active,2025-12-15 00:00:00.000,14,14,0,1363.75,0.00,0,0,0,0,14,0.0
25-303,VERTCORP,BUFFER TANK 180 OF 224,Active,2025-12-15 00:00:00.000,14,14,0,1363.75,0.00,0,0,0,0,14,0.0
25-304,VERTCORP,BUFFER TANK 181 OF 224,Active,2025-12-15 00:00:00.000,14,14,0,1363.75,0.00,0,0,0,0,14,0.0
25-305,VERTCORP,BUFFER TANK 182 OF 224,Active,2025-12-15 00:00:00.000,14,14,0,1363.75,0.00,0,0,0,0,14,0.0
25-306,VERTCORP,BUFFER TANK 183 OF 224,Active,2025-12-15 00:00:00.000,14,14,0,1363.75,0.00,0,0,0,0,14,0.0
25-307,VERTCORP,BUFFER TANK 184 OF 224,Active,2025-12-15 00:00:00.000,14,14,0,1363.75,0.00,0,0,0,0,14,0.0
25-308,VERTCORP,BUFFER TANK 185 OF 224,Active,2026-01-02 00:00:00.000,14,14,0,1363.75,0.00,0,0,0,0,14,0.0
25-309,VERTCORP,BUFFER TANK 186 OF 224,Active,2025-12-15 00:00:00.000,14,14,0,1363.75,0.00,0,0,0,0,14,0.0
25-310,VERTCORP,BUFFER TANK 187 OF 224,Active,2025-12-15 00:00:00.000,14,14,0,1363.75,0.00,0,0,0,0,14,0.0
25-311,VERTCORP,BUFFER TANK 188 OF 224,Active,2025-12-15 00:00:00.000,14,14,0,1363.75,0.00,0,0,0,0,14,0.0
25-312,VERTCORP,BUFFER TANK 189 OF 224,Active,2025-12-15 00:00:00.000,14,14,0,1363.75,0.00,0,0,0,0,14,0.0
25-313,VERTCORP,BUFFER TANK 190 OF 224,Active,2025-12-15 00:00:00.000,14,14,0,1363.75,0.00,0,0,0,0,14,0.0
25-314,VERTCORP,BUFFER TANK 191 OF 224,Active,2025-12-15 00:00:00.000,14,14,0,1363.75,0.00,0,0,0,0,14,0.0
25-315,VERTCORP,BUFFER TANK 192 OF 224,Active,2025-12-15 00:00:00.000,14,14,0,1363.75,0.00,0,0,0,0,14,0.0
25-316,VERTCORP,BUFFER TANK 193 OF 224,Active,2025-12-15 00:00:00.000,14,14,0,1363.75,0.00,0,0,0,0,14,0.0
25-317,VERTCORP,BUFFER TANK 194 OF 224,Active,2025-12-15 00:00:00.000,14,14,0,1363.75,0.00,0,0,0,0,14,0.0
25-318,VERTCORP,BUFFER TANK 195 OF 224,Active,2025-12-15 00:00:00.000,14,14,0,1363.75,0.00,0,0,0,0,14,0.0
25-319,VERTCORP,BUFFER TANK 196 OF 224,Active,2025-12-15 00:00:00.000,14,14,0,1363.75,0.00,0,0,0,0,14,0.0
25-320,VERTCORP,BUFFER TANK 197 OF 224,Active,2025-12-15 00:00:00.000,14,14,0,1363.75,0.00,0,0,0,0,14,0.0
25-321,VERTCORP,BUFFER TANK 198 OF 224,Active,2025-12-15 00:00:00.000,14,14,0,1363.75,0.00,0,0,0,0,14,0.0
25-322,VERTCORP,BUFFER TANK 199 OF 224,Active,2025-12-15 00:00:00.000,14,14,0,1363.75,0.00,0,0,0,0,14,0.0
25-323,VERTCORP,BUFFER TANK 200 OF 224,Active,2025-12-15 00:00:00.000,14,14,0,1363.75,0.00,0,0,0,0,14,0.0
25-324,VERTCORP,BUFFER TANK 201 OF 224,Active,2025-12-15 00:00:00.000,14,14,0,1363.75,0.00,0,0,0,0,14,0.0
25-325,VERTCORP,BUFFER TANK 202 OF 224,Active,2025-12-15 00:00:00.000,14,14,0,1363.75,0.00,0,0,0,0,14,0.0
25-326,VERTCORP,BUFFER TANK 203 OF 224,Active,2025-12-15 00:00:00.000,14,14,0,1363.75,0.00,0,0,0,0,14,0.0
25-327,VERTCORP,BUFFER TANK 204 OF 224,Active,2025-12-15 00:00:00.000,14,14,0,1363.75,0.00,0,0,0,0,14,0.0
25-328,VERTCORP,BUFFER TANK 205 OF 224,Active,2025-12-15 00:00:00.000,14,14,0,1363.75,0.00,0,0,0,0,14,0.0
25-329,VERTCORP,BUFFER TANK 206 OF 224,Active,2025-12-15 00:00:00.000,14,14,0,1363.75,0.00,0,0,0,0,14,0.0
25-330,VERTCORP,BUFFER TANK 207 OF 224,Active,2025-12-15 00:00:00.000,14,14,0,1363.75,0.00,0,0,0,0,14,0.0
25-331,VERTCORP,BUFFER TANK 208 OF 224,Active,2025-12-15 00:00:00.000,14,14,0,1363.75,0.00,0,0,0,0,14,0.0
25-332,VERTCORP,BUFFER TANK 209 OF 224,Active,2025-12-15 00:00:00.000,14,14,0,1363.75,0.00,0,0,0,0,14,0.0
25-333,VERTCORP,BUFFER TANK 210 OF 224,Active,2025-12-15 00:00:00.000,14,14,0,1363.75,0.00,0,0,0,0,14,0.0
25-334,VERTCORP,BUFFER TANK 211 OF 224,Active,2025-12-15 00:00:00.000,14,14,0,1363.75,0.00,0,0,0,0,14,0.0
25-335,VERTCORP,BUFFER TANK 212 OF 224,Active,2025-12-15 00:00:00.000,14,14,0,1363.75,0.00,0,0,0,0,14,0.0
25-336,VERTCORP,BUFFER TANK 213 OF 224,Active,2025-12-15 00:00:00.000,14,14,0,1363.75,0.00,0,0,0,0,14,0.0
25-337,VERTCORP,BUFFER TANK 214 OF 224,Active,2025-12-15 00:00:00.000,14,14,0,1363.75,0.00,0,0,0,0,14,0.0
25-338,VERTCORP,BUFFER TANK 215 OF 224,Active,2025-12-15 00:00:00.000,14,14,0,1363.75,0.00,0,0,0,0,14,0.0
25-339,VERTCORP,BUFFER TANK 216 OF 224,Active,2025-12-15 00:00:00.000,14,14,0,1363.75,0.00,0,0,0,0,14,0.0
25-340,VERTCORP,BUFFER TANK 217 OF 224,Active,2025-12-15 00:00:00.000,14,14,0,1363.75,0.00,0,0,0,0,14,0.0
25-341,VERTCORP,BUFFER TANK 218 OF 224,Active,2025-12-15 00:00:00.000,14,14,0,1363.75,0.00,0,0,0,0,14,0.0
25-342,VERTCORP,BUFFER TANK 219 OF 224,Active,2025-12-15 00:00:00.000,14,14,0,1363.75,0.00,0,0,0,0,14,0.0
25-343,VERTCORP,BUFFER TANK 220 OF 224,Active,2025-12-15 00:00:00.000,14,14,0,1363.75,0.00,0,0,0,0,14,0.0
25-344,VERTCORP,BUFFER TANK 221 OF 224,Active,2025-12-15 00:00:00.000,14,14,0,1363.75,0.00,0,0,0,0,14,0.0
25-345,VERTCORP,BUFFER TANK 222 OF 224,Active,2025-12-15 00:00:00.000,14,14,0,1363.75,0.00,0,0,0,0,14,0.0
25-346,VERTCORP,BUFFER TANK 223 OF 224,Active,2025-12-15 00:00:00.000,14,14,0,1363.75,0.00,0,0,0,0,14,0.0
25-347,VERTCORP,BUFFER TANK 224 OF 224,Active,2025-12-15 00:00:00.000,14,14,0,1363.75,0.00,0,0,0,0,14,0.0
25-348,VERTCORP,EXP TANK SHIPMENT 1 (24),Active,2025-12-15 00:00:00.000,1,1,0,13920.00,4172.50,0,0,0,1,0,0.0
25-350,VERTCORP,EXP TANK SHIPMENT 3 (44),Active,2025-12-15 00:00:00.000,1,1,0,25520.00,0.00,0,0,0,0,1,0.0
25-351,VERTCORP,EXP TANK SHIPMENT 4 (28),Active,2025-12-15 00:00:00.000,1,1,0,16240.00,0.00,0,0,0,0,1,0.0
25-352,VERTCORP,EXP TANK SHIPMENT 5 (32),Active,2025-12-15 00:00:00.000,1,1,0,18560.00,0.00,0,0,0,0,1,0.0
25-353,VERTCORP,EXP TANK SHIPMENT 6 (28),Active,2025-12-15 00:00:00.000,1,1,0,16240.00,0.00,0,0,0,0,1,0.0
25-355,VERTCORP,EXP TANK SHIPMENT 8 (12),Active,2025-12-15 00:00:00.000,1,1,0,6960.00,0.00,0,0,0,0,1,0.0
26-007,VERTCORP,TEMP SENSOR SHIPMENT 2,Active,2026-01-19 00:00:00.000,4,4,0,156706.73,0.00,0,0,0,0,4,0.0
26-008,VERTCORP,TEMP SENSOR SHIPMENT 3,Active,2026-01-19 00:00:00.000,4,4,0,162049.37,0.00,0,0,0,0,4,0.0
26-009,VERTCORP,TEMP SENSOR SHIPMENT 4,Active,2026-01-19 00:00:00.000,4,4,0,67738.17,0.00,0,0,0,0,4,0.0
26-010,VERTCORP,TEMP SENSOR SHIPMENT 5,Active,2026-01-19 00:00:00.000,4,4,0,76445.26,0.00,0,0,0,0,4,0.0
26-011,VERTCORP,TEMP SENSOR SHIPMENT 6,Active,2026-01-19 00:00:00.000,4,4,0,67398.74,0.00,0,0,0,0,4,0.0
26-012,VERTCORP,TEMP SENSOR SHIPMENT 7,Active,2026-01-19 00:00:00.000,4,4,0,58352.22,0.00,0,0,0,0,4,0.0
26-013,VERTCORP,TEMP SENSOR SHIPMENT 8,Active,2026-01-19 00:00:00.000,4,4,0,31212.66,0.00,0,0,0,0,4,0.0
26-025,BLAKPEND,AIR RECEIVER TANK,Active,2026-03-11 00:00:00.000,2,2,0,14217.62,0.00,0,0,0,0,2,0.0
26-030,AMERTERP,0.374 SHELL_205-14 REPLACEMENT,Active,2026-03-20 00:00:00.000,2,2,0,15237.53,0.00,0,0,0,0,2,0.0
26-031,SOLVSPEC,CRUDE CRYSTALIZER SURGE DRUM,Active,2026-03-24 00:00:00.000,5,5,0,628062.60,0.00,0,0,0,0,5,0.0
26-032,KIMBCLAR,DRAINAGE BOX SEPARATOR,Active,2026-03-25 00:00:00.000,7,7,0,41830.56,0.00,0,0,0,0,7,0.0
25-132,VERTCORP,BUFFER TANK 9 OF 224,Active,2025-12-15 00:00:00.000,15,15,0,5329.75,4699.32,0,0,1,0,14,6.7
25-133,VERTCORP,BUFFER TANK 10 OF 224,Active,2025-12-15 00:00:00.000,15,15,0,2863.75,4699.32,0,0,1,0,14,6.7
25-125,VERTCORP,BUFFER TANK 2 OF 224,Active,2025-12-15 00:00:00.000,14,14,0,1363.75,4699.32,0,0,1,0,13,7.1
25-126,VERTCORP,BUFFER TANK 3 OF 224,Active,2025-12-15 00:00:00.000,14,14,0,1363.75,4699.32,0,0,1,0,13,7.1
25-127,VERTCORP,BUFFER TANK 4 OF 224,Active,2026-01-13 00:00:00.000,14,14,0,1363.75,4699.32,0,0,1,0,13,7.1
25-129,VERTCORP,BUFFER TANK 6 OF 224,Active,2025-12-15 00:00:00.000,14,14,0,1363.75,4699.32,0,0,1,0,13,7.1
25-130,VERTCORP,BUFFER TANK 7 OF 224,Active,2025-12-15 00:00:00.000,14,14,0,1363.75,4699.32,0,0,1,0,13,7.1
25-131,VERTCORP,BUFFER TANK 8 OF 224,Active,2025-12-15 00:00:00.000,14,14,0,1363.75,4699.32,0,0,1,0,13,7.1
25-134,VERTCORP,BUFFER TANK 11 OF 224,Active,2026-01-13 00:00:00.000,14,14,0,1363.75,4699.32,0,0,1,0,13,7.1
25-135,VERTCORP,BUFFER TANK 12 OF 224,Active,2025-12-15 00:00:00.000,14,14,0,1363.75,4699.32,0,0,1,0,13,7.1
25-136,VERTCORP,BUFFER TANK 13 OF 224,Active,2025-12-15 00:00:00.000,14,14,0,1363.75,4699.32,0,0,1,0,13,7.1
25-137,VERTCORP,BUFFER TANK 14 OF 224,Active,2025-12-15 00:00:00.000,14,14,0,1363.75,4699.32,0,0,1,0,13,7.1
25-138,VERTCORP,BUFFER TANK 15 OF 224,Active,2025-12-15 00:00:00.000,14,14,0,1363.75,4699.32,0,0,1,0,13,7.1
25-139,VERTCORP,BUFFER TANK 16 OF 224,Active,2025-12-15 00:00:00.000,14,14,0,1363.75,4699.32,0,0,1,0,13,7.1
25-140,VERTCORP,BUFFER TANK 17 OF 224,Active,2025-12-15 00:00:00.000,14,14,0,1363.75,4699.32,0,0,1,0,13,7.1
25-141,VERTCORP,BUFFER TANK 18 OF 224,Active,2025-12-15 00:00:00.000,14,14,0,1363.75,4699.32,0,0,1,0,13,7.1
25-142,VERTCORP,BUFFER TANK 19 OF 224,Active,2025-12-15 00:00:00.000,14,14,0,1363.75,4699.32,0,0,1,0,13,7.1
25-143,VERTCORP,BUFFER TANK 20 OF 224,Active,2025-12-15 00:00:00.000,14,14,0,1363.75,4699.32,0,0,1,0,13,7.1
25-144,VERTCORP,BUFFER TANK 21 OF 224,Active,2025-12-15 00:00:00.000,14,14,0,1363.75,4699.32,0,0,1,0,13,7.1
25-145,VERTCORP,BUFFER TANK 22 OF 224,Active,2025-12-15 00:00:00.000,14,14,0,1363.75,4699.32,0,0,1,0,13,7.1
25-146,VERTCORP,BUFFER TANK 23 OF 224,Active,2025-12-15 00:00:00.000,14,14,0,1363.75,4699.32,0,0,1,0,13,7.1
25-147,VERTCORP,BUFFER TANK 24 OF 224,Active,2025-12-15 00:00:00.000,14,14,0,1363.75,4699.32,0,0,1,0,13,7.1
25-148,VERTCORP,BUFFER TANK 25 OF 224,Active,2025-12-15 00:00:00.000,14,14,0,1363.75,4699.32,0,0,1,0,13,7.1
25-149,VERTCORP,BUFFER TANK 26 OF 224,Active,2025-12-15 00:00:00.000,14,14,0,1363.75,4699.32,0,0,1,0,13,7.1
25-150,VERTCORP,BUFFER TANK 27 OF 224,Active,2025-12-15 00:00:00.000,14,14,0,1363.75,4699.32,0,0,1,0,13,7.1
25-151,VERTCORP,BUFFER TANK 28 OF 224,Active,2025-12-15 00:00:00.000,14,14,0,1363.75,4699.32,0,0,1,0,13,7.1
25-152,VERTCORP,BUFFER TANK 29 OF 224,Active,2025-12-15 00:00:00.000,14,14,0,1363.75,4699.32,0,0,1,0,13,7.1
25-153,VERTCORP,BUFFER TANK 30 OF 224,Active,2025-12-15 00:00:00.000,14,14,0,1363.75,4699.32,0,0,1,0,13,7.1
25-154,VERTCORP,BUFFER TANK 31 OF 224,Active,2025-12-15 00:00:00.000,14,14,0,1363.75,4699.32,0,0,1,0,13,7.1
25-155,VERTCORP,BUFFER TANK 32 OF 224,Active,2025-12-15 00:00:00.000,14,14,0,1363.75,4699.32,0,0,1,0,13,7.1
25-156,VERTCORP,BUFFER TANK 33 OF 224,Active,2025-12-15 00:00:00.000,14,14,0,1363.75,4699.32,0,0,1,0,13,7.1
25-157,VERTCORP,BUFFER TANK 34 OF 224,Active,2025-12-15 00:00:00.000,14,14,0,1363.75,4699.32,0,0,1,0,13,7.1
25-158,VERTCORP,BUFFER TANK 35 OF 224,Active,2025-12-15 00:00:00.000,14,14,0,1363.75,4699.32,0,0,1,0,13,7.1
25-159,VERTCORP,BUFFER TANK 36 OF 224,Active,2025-12-15 00:00:00.000,14,14,0,1363.75,4699.32,0,0,1,0,13,7.1
25-160,VERTCORP,BUFFER TANK 37 OF 224,Active,2025-12-15 00:00:00.000,14,14,0,1363.75,4699.32,0,0,1,0,13,7.1
25-161,VERTCORP,BUFFER TANK 38 OF 224,Active,2025-12-15 00:00:00.000,14,14,0,1363.75,4699.32,0,0,1,0,13,7.1
25-162,VERTCORP,BUFFER TANK 39 OF 224,Active,2025-12-15 00:00:00.000,14,14,0,1363.75,4699.32,0,0,1,0,13,7.1
25-163,VERTCORP,BUFFER TANK 40 OF 224,Active,2025-12-15 00:00:00.000,14,14,0,1363.75,4699.32,0,0,1,0,13,7.1
25-164,VERTCORP,BUFFER TANK 41 OF 224,Active,2025-12-15 00:00:00.000,14,14,0,1363.75,4699.32,0,0,1,0,13,7.1
25-165,VERTCORP,BUFFER TANK 42 OF 224,Active,2025-12-15 00:00:00.000,14,14,0,1363.75,4699.32,0,0,1,0,13,7.1
25-166,VERTCORP,BUFFER TANK 43 OF 224,Active,2025-12-15 00:00:00.000,14,14,0,1363.75,4699.32,0,0,1,0,13,7.1
25-167,VERTCORP,BUFFER TANK 44 OF 224,Active,2025-12-15 00:00:00.000,14,14,0,1363.75,4699.32,0,0,1,0,13,7.1
25-168,VERTCORP,BUFFER TANK 45 OF 224,Active,2025-12-15 00:00:00.000,14,14,0,1363.75,4699.32,0,0,1,0,13,7.1
25-169,VERTCORP,BUFFER TANK 46 OF 224,Active,2025-12-15 00:00:00.000,14,14,0,1363.75,4699.32,0,0,1,0,13,7.1
25-170,VERTCORP,BUFFER TANK 47 OF 224,Active,2026-01-02 00:00:00.000,14,14,0,1363.75,4699.32,0,0,1,0,13,7.1
25-171,VERTCORP,BUFFER TANK 48 OF 224,Active,2026-01-02 00:00:00.000,14,14,0,1363.75,4699.32,0,0,1,0,13,7.1
25-172,VERTCORP,BUFFER TANK 49 OF 224,Active,2025-12-15 00:00:00.000,14,14,0,1363.75,4699.32,0,0,1,0,13,7.1
25-173,VERTCORP,BUFFER TANK 50 OF 224,Active,2025-12-15 00:00:00.000,14,14,0,1363.75,4699.32,0,0,1,0,13,7.1
25-174,VERTCORP,BUFFER TANK 51 OF 224,Active,2025-12-15 00:00:00.000,14,14,0,1363.75,4699.32,0,0,1,0,13,7.1
25-175,VERTCORP,BUFFER TANK 52 OF 224,Active,2025-12-15 00:00:00.000,14,14,0,1363.75,4699.32,0,0,1,0,13,7.1
25-176,VERTCORP,BUFFER TANK 53 OF 224,Active,2025-12-15 00:00:00.000,14,14,0,1363.75,4699.32,0,0,1,0,13,7.1
25-177,VERTCORP,BUFFER TANK 54 OF 224,Active,2025-12-15 00:00:00.000,14,14,0,1363.75,4699.32,0,0,1,0,13,7.1
25-178,VERTCORP,BUFFER TANK 55 OF 224,Active,2025-12-15 00:00:00.000,14,14,0,1363.75,4699.32,0,0,1,0,13,7.1
25-179,VERTCORP,BUFFER TANK 56 OF 224,Active,2025-12-15 00:00:00.000,14,14,0,1363.75,4699.32,0,0,1,0,13,7.1
25-180,VERTCORP,BUFFER TANK 57 OF 224,Active,2025-12-15 00:00:00.000,14,14,0,1363.75,4699.32,0,0,1,0,13,7.1
25-181,VERTCORP,BUFFER TANK 58 OF 224,Active,2025-12-15 00:00:00.000,14,14,0,1363.75,4699.32,0,0,1,0,13,7.1
25-182,VERTCORP,BUFFER TANK 59 OF 224,Active,2025-12-15 00:00:00.000,14,14,0,1363.75,4699.32,0,0,1,0,13,7.1
25-183,VERTCORP,BUFFER TANK 60 OF 224,Active,2025-12-15 00:00:00.000,14,14,0,1363.75,4699.32,0,0,1,0,13,7.1
25-184,VERTCORP,BUFFER TANK 61 OF 224,Active,2025-12-15 00:00:00.000,14,14,0,1363.75,4699.32,0,0,1,0,13,7.1
25-185,VERTCORP,BUFFER TANK 62 OF 224,Active,2025-12-15 00:00:00.000,14,14,0,1363.75,4699.32,0,0,1,0,13,7.1
25-186,VERTCORP,BUFFER TANK 63 OF 224,Active,2025-12-15 00:00:00.000,14,14,0,1363.75,4699.32,0,0,1,0,13,7.1
25-187,VERTCORP,BUFFER TANK 64 OF 224,Active,2025-12-15 00:00:00.000,14,14,0,1363.75,4699.32,0,0,1,0,13,7.1
25-188,VERTCORP,BUFFER TANK 65 OF 224,Active,2025-12-15 00:00:00.000,14,14,0,1363.75,4699.32,0,0,1,0,13,7.1
25-189,VERTCORP,BUFFER TANK 66 OF 224,Active,2025-12-15 00:00:00.000,14,14,0,1363.75,4699.32,0,0,1,0,13,7.1
25-190,VERTCORP,BUFFER TANK 67 OF 224,Active,2025-12-15 00:00:00.000,14,14,0,1363.75,4699.32,0,0,1,0,13,7.1
25-191,VERTCORP,BUFFER TANK 68 OF 224,Active,2025-12-15 00:00:00.000,14,14,0,1363.75,4699.32,0,0,1,0,13,7.1
25-192,VERTCORP,BUFFER TANK 69 OF 224,Active,2025-12-15 00:00:00.000,14,14,0,1363.75,4699.32,0,0,1,0,13,7.1
25-193,VERTCORP,BUFFER TANK 70 OF 224,Active,2025-12-15 00:00:00.000,14,14,0,1363.75,4699.32,0,0,1,0,13,7.1
25-194,VERTCORP,BUFFER TANK 71 OF 224,Active,2025-12-15 00:00:00.000,14,14,0,1363.75,4699.32,0,0,1,0,13,7.1
25-195,VERTCORP,BUFFER TANK 72 OF 224,Active,2025-12-15 00:00:00.000,14,14,0,1363.75,4699.32,0,0,1,0,13,7.1
25-196,VERTCORP,BUFFER TANK 73 OF 224,Active,2025-12-15 00:00:00.000,14,14,0,1363.75,4699.32,0,0,1,0,13,7.1
25-197,VERTCORP,BUFFER TANK 74 OF 224,Active,2025-12-15 00:00:00.000,14,14,0,1363.75,4699.32,0,0,1,0,13,7.1
25-198,VERTCORP,BUFFER TANK 75 OF 224,Active,2025-12-15 00:00:00.000,14,14,0,1363.75,4699.32,0,0,1,0,13,7.1
25-199,VERTCORP,BUFFER TANK 76 OF 224,Active,2025-12-15 00:00:00.000,14,14,0,1363.75,4699.32,0,0,1,0,13,7.1
25-200,VERTCORP,BUFFER TANK 77 OF 224,Active,2025-12-15 00:00:00.000,14,14,0,1363.75,4699.32,0,0,1,0,13,7.1
25-201,VERTCORP,BUFFER TANK 78 OF 224,Active,2025-12-15 00:00:00.000,14,14,0,1363.75,4699.32,0,0,1,0,13,7.1
25-202,VERTCORP,BUFFER TANK 79 OF 224,Active,2025-12-15 00:00:00.000,14,14,0,1363.75,4699.32,0,0,1,0,13,7.1
25-203,VERTCORP,BUFFER TANK 80 OF 224,Active,2025-12-15 00:00:00.000,14,14,0,1363.75,4699.32,0,0,1,0,13,7.1
25-204,VERTCORP,BUFFER TANK 81 OF 224,Active,2025-12-15 00:00:00.000,14,14,0,1363.75,4699.32,0,0,1,0,13,7.1
25-205,VERTCORP,BUFFER TANK 82 OF 224,Active,2025-12-15 00:00:00.000,14,14,0,1363.75,4699.32,0,0,1,0,13,7.1
25-206,VERTCORP,BUFFER TANK 83 OF 224,Active,2025-12-15 00:00:00.000,14,14,0,1363.75,4699.32,0,0,1,0,13,7.1
25-207,VERTCORP,BUFFER TANK 84 OF 224,Active,2025-12-15 00:00:00.000,14,14,0,1363.75,4699.32,0,0,1,0,13,7.1
25-208,VERTCORP,BUFFER TANK 85 OF 224,Active,2025-12-15 00:00:00.000,14,14,0,1363.75,4699.32,0,0,1,0,13,7.1
25-209,VERTCORP,BUFFER TANK 86 OF 224,Active,2025-12-15 00:00:00.000,14,14,0,1363.75,4699.32,0,0,1,0,13,7.1
25-210,VERTCORP,BUFFER TANK 87 OF 224,Active,2025-12-15 00:00:00.000,14,14,0,1363.75,4699.32,0,0,1,0,13,7.1
25-211,VERTCORP,BUFFER TANK 88 OF 224,Active,2025-12-15 00:00:00.000,14,14,0,1363.75,4699.32,0,0,1,0,13,7.1
25-212,VERTCORP,BUFFER TANK 89 OF 224,Active,2025-12-15 00:00:00.000,14,14,0,1363.75,4699.32,0,0,1,0,13,7.1
25-213,VERTCORP,BUFFER TANK 90 OF 224,Active,2025-12-15 00:00:00.000,14,14,0,1363.75,4699.32,0,0,1,0,13,7.1
25-214,VERTCORP,BUFFER TANK 91 OF 224,Active,2025-12-15 00:00:00.000,14,14,0,1363.75,4699.32,0,0,1,0,13,7.1
25-215,VERTCORP,BUFFER TANK 92 OF 224,Active,2025-12-15 00:00:00.000,14,14,0,1363.75,4699.32,0,0,1,0,13,7.1
25-216,VERTCORP,BUFFER TANK 93 OF 224,Active,2025-12-15 00:00:00.000,14,14,0,1363.75,4699.32,0,0,1,0,13,7.1
25-217,VERTCORP,BUFFER TANK 94 OF 224,Active,2025-12-15 00:00:00.000,14,14,0,1363.75,4699.32,0,0,1,0,13,7.1
25-218,VERTCORP,BUFFER TANK 95 OF 224,Active,2025-12-15 00:00:00.000,14,14,0,1363.75,4699.32,0,0,1,0,13,7.1
25-219,VERTCORP,BUFFER TANK 96 OF 224,Active,2025-12-15 00:00:00.000,14,14,0,1363.75,4699.32,0,0,1,0,13,7.1
25-220,VERTCORP,BUFFER TANK 97 OF 224,Active,2025-12-15 00:00:00.000,14,14,0,1363.75,4699.32,0,0,1,0,13,7.1
25-221,VERTCORP,BUFFER TANK 98 OF 224,Active,2025-12-15 00:00:00.000,14,14,0,1363.75,4699.32,0,0,1,0,13,7.1
25-222,VERTCORP,BUFFER TANK 99 OF 224,Active,2025-12-15 00:00:00.000,14,14,0,1363.75,4699.32,0,0,1,0,13,7.1
25-223,VERTCORP,BUFFER TANK 100 OF 224,Active,2025-12-15 00:00:00.000,14,14,0,1363.75,4699.32,0,0,1,0,13,7.1
25-224,VERTCORP,BUFFER TANK 101 OF 224,Active,2025-12-15 00:00:00.000,14,14,0,1363.75,4699.32,0,0,1,0,13,7.1
25-225,VERTCORP,BUFFER TANK 102 OF 224,Active,2025-12-15 00:00:00.000,14,14,0,1363.75,4699.32,0,0,1,0,13,7.1
25-226,VERTCORP,BUFFER TANK 103 OF 224,Active,2025-12-15 00:00:00.000,14,14,0,1363.75,4699.32,0,0,1,0,13,7.1
25-227,VERTCORP,BUFFER TANK 104 OF 224,Active,2025-12-15 00:00:00.000,14,14,0,1363.75,4699.32,0,0,1,0,13,7.1
25-228,VERTCORP,BUFFER TANK 105 OF 224,Active,2025-12-15 00:00:00.000,14,14,0,1363.75,4699.32,0,0,1,0,13,7.1
25-229,VERTCORP,BUFFER TANK 106 OF 224,Active,2025-12-15 00:00:00.000,14,14,0,1363.75,4699.32,0,0,1,0,13,7.1
25-230,VERTCORP,BUFFER TANK 107 OF 224,Active,2025-12-15 00:00:00.000,14,14,0,1363.75,4699.32,0,0,1,0,13,7.1
25-231,VERTCORP,BUFFER TANK 108 OF 224,Active,2025-12-15 00:00:00.000,14,14,0,1363.75,4699.32,0,0,1,0,13,7.1
25-232,VERTCORP,BUFFER TANK 109 OF 224,Active,2025-12-15 00:00:00.000,14,14,0,1363.75,4699.32,0,0,1,0,13,7.1
25-233,VERTCORP,BUFFER TANK 110 OF 224,Active,2025-12-15 00:00:00.000,14,14,0,1363.75,4699.32,0,0,1,0,13,7.1
25-234,VERTCORP,BUFFER TANK 111 OF 224,Active,2025-12-15 00:00:00.000,14,14,0,1363.75,4699.32,0,0,1,0,13,7.1
25-235,VERTCORP,BUFFER TANK 112 OF 224,Active,2025-12-15 00:00:00.000,14,14,0,1363.75,4699.32,0,0,1,0,13,7.1
25-236,VERTCORP,BUFFER TANK 113 OF 224,Active,2025-12-15 00:00:00.000,14,14,0,1363.75,4699.32,0,0,1,0,13,7.1
25-237,VERTCORP,BUFFER TANK 114 OF 224,Active,2025-12-15 00:00:00.000,14,14,0,1363.75,4699.32,0,0,1,0,13,7.1
25-238,VERTCORP,BUFFER TANK 115 OF 224,Active,2025-12-15 00:00:00.000,14,14,0,1363.75,4699.32,0,0,1,0,13,7.1
25-239,VERTCORP,BUFFER TANK 116 OF 224,Active,2025-12-15 00:00:00.000,14,14,0,1363.75,4699.32,0,0,1,0,13,7.1
25-240,VERTCORP,BUFFER TANK 117 OF 224,Active,2025-12-15 00:00:00.000,14,14,0,1363.75,4699.32,0,0,1,0,13,7.1
25-241,VERTCORP,BUFFER TANK 118 OF 224,Active,2025-12-15 00:00:00.000,14,14,0,1363.75,4699.32,0,0,1,0,13,7.1
25-242,VERTCORP,BUFFER TANK 119 OF 224,Active,2025-12-15 00:00:00.000,14,14,0,1363.75,4699.32,0,0,1,0,13,7.1
25-243,VERTCORP,BUFFER TANK 120 OF 224,Active,2025-12-15 00:00:00.000,14,14,0,1363.75,4699.32,0,0,1,0,13,7.1
25-244,VERTCORP,BUFFER TANK 121 OF 224,Active,2025-12-15 00:00:00.000,14,14,0,1363.75,4699.32,0,0,1,0,13,7.1
25-245,VERTCORP,BUFFER TANK 122 OF 224,Active,2025-12-15 00:00:00.000,14,14,0,1363.75,4699.32,0,0,1,0,13,7.1
25-246,VERTCORP,BUFFER TANK 123 OF 224,Active,2025-12-15 00:00:00.000,14,14,0,1363.75,4699.32,0,0,1,0,13,7.1
25-247,VERTCORP,BUFFER TANK 124 OF 224,Active,2025-12-15 00:00:00.000,14,14,0,1363.75,4699.32,0,0,1,0,13,7.1
25-248,VERTCORP,BUFFER TANK 125 OF 224,Active,2025-12-15 00:00:00.000,14,14,0,1363.75,4699.32,0,0,1,0,13,7.1
25-249,VERTCORP,BUFFER TANK 126 OF 224,Active,2025-12-15 00:00:00.000,14,14,0,1363.75,4699.32,0,0,1,0,13,7.1
25-250,VERTCORP,BUFFER TANK 127 OF 224,Active,2025-12-15 00:00:00.000,14,14,0,1363.75,4699.32,0,0,1,0,13,7.1
25-251,VERTCORP,BUFFER TANK 128 OF 224,Active,2025-12-15 00:00:00.000,14,14,0,1363.75,4699.32,0,0,1,0,13,7.1
25-252,VERTCORP,BUFFER TANK 129 OF 224,Active,2025-12-15 00:00:00.000,14,14,0,1363.75,4699.32,0,0,1,0,13,7.1
25-253,VERTCORP,BUFFER TANK 130 OF 224,Active,2025-12-15 00:00:00.000,14,14,0,1363.75,4699.32,0,0,1,0,13,7.1
25-254,VERTCORP,BUFFER TANK 131 OF 224,Active,2025-12-15 00:00:00.000,14,14,0,1363.75,4699.32,0,0,1,0,13,7.1
25-255,VERTCORP,BUFFER TANK 132 OF 224,Active,2025-12-15 00:00:00.000,14,14,0,1363.75,4699.32,0,0,1,0,13,7.1
25-256,VERTCORP,BUFFER TANK 133 OF 224,Active,2025-12-15 00:00:00.000,14,14,0,1363.75,4699.32,0,0,1,0,13,7.1
25-257,VERTCORP,BUFFER TANK 134 OF 224,Active,2025-12-15 00:00:00.000,14,14,0,1363.75,4699.32,0,0,1,0,13,7.1
25-258,VERTCORP,BUFFER TANK 135 OF 224,Active,2025-12-15 00:00:00.000,14,14,0,1363.75,4699.32,0,0,1,0,13,7.1
25-259,VERTCORP,BUFFER TANK 136 OF 224,Active,2025-12-15 00:00:00.000,14,14,0,1363.75,4699.32,0,0,1,0,13,7.1
25-260,VERTCORP,BUFFER TANK 137 OF 224,Active,2025-12-15 00:00:00.000,14,14,0,1363.75,4699.32,0,0,1,0,13,7.1
25-261,VERTCORP,BUFFER TANK 138 OF 224,Active,2025-12-15 00:00:00.000,14,14,0,1363.75,4699.32,0,0,1,0,13,7.1
25-262,VERTCORP,BUFFER TANK 139 OF 224,Active,2025-12-15 00:00:00.000,14,14,0,1363.75,4699.32,0,0,1,0,13,7.1
25-263,VERTCORP,BUFFER TANK 140 OF 224,Active,2025-12-15 00:00:00.000,14,14,0,1363.75,4699.32,0,0,1,0,13,7.1
25-264,VERTCORP,BUFFER TANK 141 OF 224,Active,2025-12-15 00:00:00.000,14,14,0,1363.75,4699.32,0,0,1,0,13,7.1
25-265,VERTCORP,BUFFER TANK 142 OF 224,Active,2025-12-15 00:00:00.000,14,14,0,1363.75,4699.32,0,0,1,0,13,7.1
25-266,VERTCORP,BUFFER TANK 143 OF 224,Active,2025-12-15 00:00:00.000,14,14,0,1363.75,4699.32,0,0,1,0,13,7.1
25-267,VERTCORP,BUFFER TANK 144 OF 224,Active,2025-12-15 00:00:00.000,14,14,0,1363.75,4699.32,0,0,1,0,13,7.1
25-268,VERTCORP,BUFFER TANK 145 OF 224,Active,2025-12-15 00:00:00.000,14,14,0,1363.75,4699.32,0,0,1,0,13,7.1
25-269,VERTCORP,BUFFER TANK 146 OF 224,Active,2025-12-15 00:00:00.000,14,14,0,1363.75,4699.32,0,0,1,0,13,7.1
25-270,VERTCORP,BUFFER TANK 147 OF 224,Active,2025-12-15 00:00:00.000,14,14,0,1363.75,4699.32,0,0,1,0,13,7.1
25-271,VERTCORP,BUFFER TANK 148 OF 224,Active,2025-12-15 00:00:00.000,14,14,0,1363.75,4699.32,0,0,1,0,13,7.1
25-272,VERTCORP,BUFFER TANK 149 OF 224,Active,2025-12-15 00:00:00.000,14,14,0,1363.75,4699.32,0,0,1,0,13,7.1
25-113,EPICSYST,T-120,Active,2025-10-31 00:00:00.000,21,21,0,39800.84,16372.50,0,0,2,0,19,9.5
26-005,USSUGARC,POLISHING/TRAP FILTER BLOWDN TANK,Active,2026-01-19 00:00:00.000,22,22,0,12132.28,9348.59,0,0,8,0,14,36.4
26-020,USSUGARC,SECONDARY SCREENED JUICE TANK C,Active,2026-02-05 00:00:00.000,16,16,0,18179.80,11076.01,0,0,6,0,10,37.5
25-356,SYNTHOMER,EMULSION TANK,Active,2025-12-18 00:00:00.000,30,30,0,64638.15,17674.37,0,0,12,0,18,40.0
26-014,FLOQENGI,R1 REACTOR,Active,2026-01-13 00:00:00.000,5,5,0,50413.51,12444.29,0,0,2,0,3,40.0
26-017,FLOQENGI,EPI TANK #1,Active,2026-01-13 00:00:00.000,5,5,0,122890.20,33615.28,0,0,2,0,3,40.0
26-018,FLOQENGI,EPI TANK #2,Active,2026-01-13 00:00:00.000,5,5,0,122890.20,33615.28,0,0,2,0,3,40.0
26-021,USSUGARC,PRIMARY SCREENED JUICE TANK C,Active,2026-02-05 00:00:00.000,15,15,0,16078.03,7794.38,0,0,6,0,9,40.0
25-112,EPICSYST,T-118B,Active,2025-10-31 00:00:00.000,20,20,0,17684.66,11802.37,0,0,9,0,11,45.0
25-115,EPICSYST,V-104,Active,2025-10-31 00:00:00.000,11,11,0,5434.62,3538.65,0,0,5,0,6,45.5
25-111,EPICSYST,T-118A,Active,2025-10-31 00:00:00.000,21,21,0,17747.33,11804.26,0,0,10,0,11,47.6
26-024,POLYCOMP,WATER TANK,Active,2026-03-05 00:00:00.000,2,2,0,3352.16,1578.54,0,0,1,0,1,50.0
OH-26,SAVATANK,NULL,Active,2026-01-02 00:00:00.000,2,2,0,3989.25,1169.71,0,0,1,0,1,50.0
25-045,PROPIPE,NOZZLES AND AGITATOR SUPPORTS,Active,2025-04-05 00:00:00.000,11,11,0,14716.05,16654.77,0,0,7,4,0,63.6
25-069,RECOCOMM,BUFFER TANK #14,Active,2025-06-13 00:00:00.000,11,11,0,24761.49,5304.15,0,0,8,1,2,72.7
25-070,RECOCOMM,BUFFER TANK #15,Active,2025-06-13 00:00:00.000,11,11,0,26661.49,5624.15,0,0,8,0,3,72.7
25-053,ANDRITZI,VAPOR DUCTING 300122163,Active,2025-06-02 00:00:00.000,8,8,0,11290.58,11282.11,0,0,6,0,2,75.0
25-086,TELLPROD,SS FLANGE RING,Active,2025-07-30 00:00:00.000,4,4,0,4928.55,4028.55,0,0,3,0,1,75.0
25-108,EPICSYST,T-114,Active,2025-10-31 00:00:00.000,4,4,0,7950.65,6362.25,0,0,3,0,1,75.0
26-006,VERTCORP,TEMP SENSOR SHIPMENT 1,Active,2026-01-19 00:00:00.000,4,4,0,58691.65,54567.39,0,0,3,0,1,75.0
26-022,ANDRITZI,WASH LIQUOR FLASH TANK,Active,2026-02-17 00:00:00.000,4,4,0,14996.29,5556.86,0,0,3,0,1,75.0
24-024,GARRMACH,310 SS CYLINDER,Active,2024-05-09 00:00:00.000,5,5,0,13749.76,12358.81,0,0,4,0,1,80.0
25-071,RECOCOMM,BUFFER TANK #16,Active,2025-06-13 00:00:00.000,10,10,0,26679.68,5642.34,0,0,8,0,2,80.0
25-107,EPICSYST,T-113,Active,2025-10-31 00:00:00.000,5,5,0,14731.51,9858.51,0,0,4,0,1,80.0
26-015,FLOQENGI,R2 REACTOR,Active,2026-01-13 00:00:00.000,5,5,0,67473.70,37087.88,0,0,4,0,1,80.0
25-098,COASTECH,MIST ELIMINATOR W/FACE WASH,Active,2025-09-24 00:00:00.000,31,31,0,30251.02,25877.99,0,0,25,0,6,80.6
26-016,FLOQENGI,R3 REACTOR,Active,2026-01-13 00:00:00.000,7,7,0,64823.85,31568.47,0,0,6,0,1,85.7
25-040,NAKKILNS,HR 120 SHELL,Active,2025-03-05 00:00:00.000,10,10,0,872122.79,865103.72,0,0,9,0,2,90.0
25-106,EPICSYST,T-121,Active,2025-10-31 00:00:00.000,27,27,0,33035.36,32267.36,0,0,25,0,2,92.6
25-084,ATLASMIN,SULFUR HOLDING TANK,Active,2025-07-18 00:00:00.000,46,46,0,38970.14,26050.39,0,0,43,0,3,93.5
25-116,POLYCOMP,MALEIC ANHYDRIDE TANK,Active,2025-11-05 00:00:00.000,57,57,0,72683.33,71288.69,0,0,55,0,2,96.5
25-055,AIRGASNITR,SST N20 REACTOR,Active,2025-06-12 00:00:00.000,65,65,0,55737.15,52940.67,0,0,63,0,2,96.9
25-110,EPICSYST,T-117,Active,2025-10-31 00:00:00.000,32,32,0,28200.58,29809.12,0,0,31,0,1,96.9
25-117,MERRINDU,MH-5301-HP-02000-CASING,Active,2025-11-07 00:00:00.000,33,33,0,40584.60,38693.96,0,0,32,0,1,97.0
25-093,AMERTERP,CARBON UNIT #2,Active,2025-09-10 00:00:00.000,36,36,0,33940.94,33477.10,0,0,35,0,2,97.2
25-092,AMERTERP,CARBON UNIT #1,Active,2025-09-10 00:00:00.000,38,38,0,33992.68,33719.94,0,0,37,0,2,97.4
25-102,EPICSYST,T-101,Active,2025-11-03 00:00:00.000,41,41,0,27835.26,26133.52,0,0,40,0,1,97.6
25-101,HARPLOVE,T-1615 RUPTURE DISK CATCH TANK,Active,2025-10-27 00:00:00.000,48,48,0,210134.43,216439.51,0,0,47,0,1,97.9
25-083,SYNTHOMER,REACTOR 12,Active,2025-07-14 00:00:00.000,50,50,0,55246.83,58846.09,0,0,49,0,2,98.0
23-105,THEINDUS,SPARE GASKETS,Active,2024-04-15 00:00:00.000,5,5,0,242.72,242.72,0,0,5,0,0,100.0
24-025,USSUGARC,EXPLOSION VENT PANEL,Active,2024-05-28 00:00:00.000,1,1,0,2192.00,2192.00,0,0,1,0,0,100.0
24-043,FLOQENGI,MANWAY HARDWARE TO CONVERT TO TOOL LESS,Active,2024-07-24 00:00:00.000,1,1,0,888.00,903.96,0,0,1,0,0,100.0
24-045,PISTINDU,OIL/WATER SEPARATION TANK,Active,2024-08-15 00:00:00.000,29,29,0,6478.79,6940.28,0,0,29,0,0,100.0
24-046,SYMSENGI,NMP STORAGE TANK (TK-F502R),Active,2024-08-15 00:00:00.000,69,69,0,48958.80,54688.01,0,0,69,0,0,100.0
24-057,HOLBROOK,FORM (2) CONES,Active,2024-10-18 00:00:00.000,1,1,0,452.46,452.46,0,0,1,0,0,100.0
24-058,FLOQENGI,(5) MANWAY GASKETS,Active,2024-10-29 00:00:00.000,1,1,0,1629.60,1685.48,0,0,1,0,0,100.0
24-061,INDUSUPP,(2) CHASE GASKETS,Active,2024-11-19 00:00:00.000,2,2,0,532.00,563.41,0,0,2,0,0,100.0
25-038,AJAYNAMER,PE STAMP FOR JN 122-22,Active,2025-02-21 00:00:00.000,1,1,0,2250.00,2250.00,0,0,1,0,0,100.0
25-041,INDUSUPP,CHASE GASKET,Active,2025-03-10 00:00:00.000,1,1,0,230.00,259.36,0,0,1,0,0,100.0
25-042,ANDRITZI,FOUL CONDENSATE TANK,Active,2025-03-19 00:00:00.000,18,18,0,2928.19,2771.71,0,0,18,0,0,100.0
25-046,INDUSUPP,CHASE GASKET,Active,2025-04-14 00:00:00.000,1,1,0,562.00,594.06,0,0,1,0,0,100.0
25-048,USSUGARC,EXPLOSION VENT PANEL,Active,2025-04-28 00:00:00.000,2,2,0,13851.27,14035.08,0,0,2,0,0,100.0
25-049,YOWNBOIL,TANK PATCH REPAIR,Active,2025-05-06 00:00:00.000,5,5,0,337.13,337.13,0,0,5,0,0,100.0
25-050,THEINDUS,(8) GASKETS,Active,2025-05-12 00:00:00.000,2,2,0,292.37,245.12,0,0,2,0,0,100.0
25-051,USSUGARC,EXPLOSION VENT PANEL,Active,2025-05-13 00:00:00.000,1,1,0,3836.00,4020.08,0,0,1,0,0,100.0
25-081,PROPIPE,"20"" ROLLED PIPE",Active,2025-07-01 00:00:00.000,1,1,0,1108.97,1108.97,0,0,1,0,0,100.0
25-091,USSUGARSV,API MANWAY,Active,2025-09-04 00:00:00.000,3,3,0,384.89,384.89,0,0,3,0,0,100.0
25-103,EPICSYST,T-104,Active,2025-10-31 00:00:00.000,37,37,0,26731.47,25054.58,0,0,37,0,0,100.0
25-104,EPICSYST,T-103,Active,2025-10-31 00:00:00.000,35,35,0,26679.31,25051.91,0,0,35,0,0,100.0
25-105,EPICSYST,T-105,Active,2025-10-31 00:00:00.000,29,29,0,26805.55,25218.82,0,0,29,0,0,100.0
25-109,EPICSYST,V-117,Active,2025-10-31 00:00:00.000,5,5,0,4004.50,4293.40,0,0,5,0,0,100.0
25-118,MERRINDU,MH-5301-HP-05000-CASING,Active,2025-11-07 00:00:00.000,36,36,0,36349.70,37437.17,0,0,36,0,0,100.0
25-121,KIMBCLAR,DUMP CHEST TANK,Active,2025-12-15 00:00:00.000,4,4,0,29212.94,39083.84,0,0,4,0,0,100.0
25-122,KIMBCLAR,PROCESS TENSIDE TANK,Active,2025-12-04 00:00:00.000,3,3,0,22329.03,31252.07,0,0,3,0,0,100.0
25-123,KIMBCLAR,BACKWATER TANK,Active,2025-12-15 00:00:00.000,4,4,0,16566.06,16566.06,0,0,4,0,0,100.0
25-349,VERTCORP,EXP TANK SHIPMENT 2 (32),Active,2025-12-15 00:00:00.000,1,1,0,18560.00,19074.29,0,0,1,0,0,100.0
25-354,VERTCORP,EXP TANK SHIPMENT 7 (24),Active,2025-12-15 00:00:00.000,1,1,0,13920.00,14365.71,0,0,1,0,0,100.0
25-357,SYLVAMO,SEAL TANK STAND PIPE,Active,2025-12-30 00:00:00.000,2,2,0,2476.25,2476.25,0,0,2,0,0,100.0
25-358,SYLVAMO,RECTANGULAR SEAL TANK,Active,2025-12-30 00:00:00.000,2,2,0,6832.76,6832.76,0,0,2,0,0,100.0
26-002,FLOQENGI,RAIL BUFFER TANK #1,Active,2026-01-19 00:00:00.000,5,5,0,63798.99,49557.29,0,0,5,0,0,100.0
26-003,FLOQENGI,RAIL BUFFER TANK #2,Active,2026-01-19 00:00:00.000,4,4,0,54835.18,49417.55,0,0,4,0,0,100.0
26-004,FLOQENGI,RAIL BUFFER TANK #3,Active,2026-01-19 00:00:00.000,4,4,0,54835.18,49417.55,0,0,4,0,0,100.0
26-019,GENERA1,NOZZLES W/REPADS,Active,2026-01-28 00:00:00.000,7,7,0,667.95,667.95,0,0,7,0,0,100.0
26-023,SAVATANK,DEMO TANK,Active,2026-03-05 00:00:00.000,6,6,0,369.74,369.74,0,0,6,0,0,100.0
26-026,ANDRITZI,STEAM PIPE REPAIR PIECES,Active,2026-03-16 00:00:00.000,1,1,0,884.10,884.10,0,0,1,0,0,100.0
