_MAN,_PRE,NULL,Component,1,0,2015-07-08 16:30:11.000,10-000,CB5C002C-4D13-4E07-9EC8-30FF7947FFFA,NULL,501E289C-6760-4E5E-89CC-699D7405E5E0,BE367F55-8A5E-4C6B-96C9-90B983FE1742,439C7370-AE34-4AA5-9AF4-48986A98B00E
_PRE,_ADM,NULL,Component,1,0,2015-07-08 16:30:11.000,10-000,4EDEC224-73A6-4C33-9702-A0A857BF448D,NULL,501E289C-6760-4E5E-89CC-699D7405E5E0,439C7370-AE34-4AA5-9AF4-48986A98B00E,43C0992F-D3D8-4FAC-A03C-F3A20B1DFB52
10-000,_BTM,NULL,Component,1,0,2015-07-08 16:30:11.000,10-000,DB98655E-E577-4BC6-B64D-EBFE56FCAE4B,NULL,501E289C-6760-4E5E-89CC-699D7405E5E0,501E289C-6760-4E5E-89CC-699D7405E5E0,DA7E3231-CE73-400E-9E8E-75C5BDD75421
10-000,_MAN,NULL,Component,1,0,2015-07-08 16:30:11.000,10-000,CC8F9FA6-6DC6-4871-ACF0-62851B830576,NULL,501E289C-6760-4E5E-89CC-699D7405E5E0,501E289C-6760-4E5E-89CC-699D7405E5E0,BE367F55-8A5E-4C6B-96C9-90B983FE1742
10-000,_TOP,NULL,Component,1,0,2015-07-08 16:30:11.000,10-000,654B0D13-C77B-43AE-9114-1FF65AB8CF58,NULL,501E289C-6760-4E5E-89CC-699D7405E5E0,501E289C-6760-4E5E-89CC-699D7405E5E0,C9558925-A6FE-442B-B046-0C51AD3BD438
15-030,15-030 BTM,NULL,Component,1,0,2015-08-01 10:31:20.000,15-030,5A27F208-EEE8-465E-A181-1145255AD990,NULL,097184A5-89BD-4582-994B-1993FBBE873C,097184A5-89BD-4582-994B-1993FBBE873C,6CB8E07D-FCB5-428A-B143-0DA761F7B78E
15-030,15-030 MAN,NULL,Component,1,0,2015-08-01 10:31:20.000,15-030,5E8F729F-7DA5-4D14-8940-B5523F8B0AB8,NULL,097184A5-89BD-4582-994B-1993FBBE873C,097184A5-89BD-4582-994B-1993FBBE873C,047A42CE-AC45-4ADF-95A7-FF0070EF7765
15-030,15-030 TOP,NULL,Component,1,0,2015-08-01 10:31:20.000,15-030,65638CA9-D0D4-42A7-A8BE-8E9C549147BB,NULL,097184A5-89BD-4582-994B-1993FBBE873C,097184A5-89BD-4582-994B-1993FBBE873C,EF53204A-067B-4788-9C57-DE3A65AF3AC4
15-030 MAN,15-030 PRE,NULL,Component,1,0,2015-08-01 10:31:20.000,15-030,5CB32650-DD00-45D4-A684-48FD4226A95B,NULL,097184A5-89BD-4582-994B-1993FBBE873C,047A42CE-AC45-4ADF-95A7-FF0070EF7765,5E03C0BF-A3CB-499B-A652-DBF3EFBB7821
15-030 PRE,15-030 ADM,NULL,Component,1,0,2015-08-01 10:31:20.000,15-030,69A4445D-EEAB-4155-9B52-C728316A2CFE,NULL,097184A5-89BD-4582-994B-1993FBBE873C,5E03C0BF-A3CB-499B-A652-DBF3EFBB7821,4971FCE7-D4F3-4F8F-9D59-4AB489442012
15-031,15-031 BTM,NULL,Component,1,0,2015-08-06 15:06:27.000,15-031,4770C322-F692-4A15-8475-1B8ADA3659D2,NULL,91CFB0D2-0212-44C9-B5E3-9A9EBC99FAC9,91CFB0D2-0212-44C9-B5E3-9A9EBC99FAC9,0A36BCDB-F3C9-4490-82D5-A7F52147AFF4
15-031,15-031 MAN,NULL,Component,1,0,2015-08-06 15:06:27.000,15-031,82FED962-4930-470C-9C77-A2011D770AF3,NULL,91CFB0D2-0212-44C9-B5E3-9A9EBC99FAC9,91CFB0D2-0212-44C9-B5E3-9A9EBC99FAC9,39F110B3-D68A-4B78-A56D-A7FA857BAF6D
15-031,15-031 TOP,NULL,Component,1,0,2015-08-06 15:06:27.000,15-031,C3B8E6C4-DF98-4EAF-84AA-D0A5F9F825C5,NULL,91CFB0D2-0212-44C9-B5E3-9A9EBC99FAC9,91CFB0D2-0212-44C9-B5E3-9A9EBC99FAC9,88812DEB-8908-4499-9DDE-34662B1665F7
15-031 MAN,15-031 PRE,NULL,Component,1,0,2015-08-06 15:06:27.000,15-031,311216FB-7C06-4017-9781-ED8185A6794B,NULL,91CFB0D2-0212-44C9-B5E3-9A9EBC99FAC9,39F110B3-D68A-4B78-A56D-A7FA857BAF6D,C4425C0C-1D1C-4B8A-B98E-7BD70B128F47
15-031 PRE,15-031 ADM,NULL,Component,1,0,2015-08-06 15:06:28.000,15-031,5E12E825-36A5-4D3C-93F1-F8B9B1350B59,NULL,91CFB0D2-0212-44C9-B5E3-9A9EBC99FAC9,C4425C0C-1D1C-4B8A-B98E-7BD70B128F47,75FC8F96-BEE2-47DD-B97C-8ED8D4804D87
15-032,15-032 BTM,NULL,Component,1,0,2015-08-31 15:15:24.000,15-032,2B62976C-438E-4DE5-9105-AFBFBA5C6DCA,NULL,7EABCFD5-B256-429E-BF2D-288F42977145,7EABCFD5-B256-429E-BF2D-288F42977145,1E5C40F4-FCAD-47C5-99B0-DC7138EC05EF
15-032,15-032 MAN,NULL,Component,1,0,2015-08-31 15:15:24.000,15-032,A7046916-7367-465A-8D5E-E023359D69E5,NULL,7EABCFD5-B256-429E-BF2D-288F42977145,7EABCFD5-B256-429E-BF2D-288F42977145,EFBEB9D5-9433-4F26-80EF-5C27A6AD32C4
15-032,15-032 TOP,NULL,Component,1,0,2015-08-31 15:15:24.000,15-032,A6B0744F-2757-409B-B81E-6FE8D3A0BF7B,NULL,7EABCFD5-B256-429E-BF2D-288F42977145,7EABCFD5-B256-429E-BF2D-288F42977145,5374587F-3529-4100-8F60-ACCDB9BB4874
15-032 MAN,15-032 PRE,NULL,Component,1,0,2015-08-31 15:15:24.000,15-032,497A1E34-8937-45DD-8451-292E98A63583,NULL,7EABCFD5-B256-429E-BF2D-288F42977145,EFBEB9D5-9433-4F26-80EF-5C27A6AD32C4,759E1FA9-7EC3-4817-B4D2-97E1ABF4234B
15-032 PRE,15-032 ADM,NULL,Component,1,0,2015-08-31 15:15:24.000,15-032,3A5670F1-53E3-46BC-BF41-2E44683015F6,NULL,7EABCFD5-B256-429E-BF2D-288F42977145,759E1FA9-7EC3-4817-B4D2-97E1ABF4234B,84EC2933-DCB7-402B-A3B8-16C3B9BE6D86
15-047,15-047_BTM,NULL,Component,1,0,2016-03-15 07:57:40.000,15-047,34FA41A8-DDB4-4B62-B661-C9A6665C5B41,NULL,73AF62A4-7D6F-4DDA-8086-FB4CA05E69E1,73AF62A4-7D6F-4DDA-8086-FB4CA05E69E1,6F906852-BB5A-4237-AB21-B9293738D01F
15-047,15-047_MAN,NULL,Component,1,0,2016-03-15 07:57:40.000,15-047,59F4369C-9E68-44FE-9145-7381F2D8A2D8,NULL,73AF62A4-7D6F-4DDA-8086-FB4CA05E69E1,73AF62A4-7D6F-4DDA-8086-FB4CA05E69E1,D0BA8804-6FE4-40E1-B79B-05716872C151
15-047,15-047_TOP,NULL,Component,1,0,2016-03-15 07:57:40.000,15-047,9E35E839-E60C-4460-9987-E20AEA822EDC,NULL,73AF62A4-7D6F-4DDA-8086-FB4CA05E69E1,73AF62A4-7D6F-4DDA-8086-FB4CA05E69E1,366F0D6E-645B-43FB-8A7D-466F9E2D8F06
15-047_MAN,15-047_PRE,NULL,Component,1,0,2016-03-15 07:57:40.000,15-047,9509A6AC-EB16-4D28-A6D5-7DC17ECABE71,NULL,73AF62A4-7D6F-4DDA-8086-FB4CA05E69E1,D0BA8804-6FE4-40E1-B79B-05716872C151,422A120C-0A30-4733-A8AE-1306DACA3D9D
15-048,15-048_BTM,NULL,Component,1,0,2015-07-08 16:47:10.000,15-048,C88B0F16-0ED4-4A03-A330-80E3595EFD1E,NULL,5396AC62-74E7-4372-84D1-FD8AA7A6E7ED,5396AC62-74E7-4372-84D1-FD8AA7A6E7ED,4A4980F5-D4BC-4A14-B7EB-A96F7B91459B
15-048,15-048_MAN,NULL,Component,1,0,2015-07-08 16:47:10.000,15-048,94AB2596-7B1D-45E9-A22E-1F7A5A56E70D,NULL,5396AC62-74E7-4372-84D1-FD8AA7A6E7ED,5396AC62-74E7-4372-84D1-FD8AA7A6E7ED,7AA9526A-7072-426D-B94B-0A1D6F2C2492
15-048,15-048_TOP,NULL,Component,1,0,2015-07-08 16:47:10.000,15-048,1DC57C2E-546A-4824-B1EE-79551A226D70,NULL,5396AC62-74E7-4372-84D1-FD8AA7A6E7ED,5396AC62-74E7-4372-84D1-FD8AA7A6E7ED,4F42C8DC-2D56-4195-A632-C3A03668BA4D
15-048_MAN,15-048_PRE,NULL,Component,1,0,2015-07-08 16:47:10.000,15-048,C5319497-8ED0-4ACF-B35A-C97AD116850E,NULL,5396AC62-74E7-4372-84D1-FD8AA7A6E7ED,7AA9526A-7072-426D-B94B-0A1D6F2C2492,AB448E6E-6190-4FA6-8CF3-91E4A41E97F5
15-049,15-049_BTM,NULL,Component,1,0,2016-03-15 07:59:58.000,15-049,00434551-D6D4-4CCD-99AE-3233C87C868D,NULL,58C94362-7740-4A95-9C74-66581B084822,58C94362-7740-4A95-9C74-66581B084822,F11515D8-5C22-45A3-8E04-D1297CA7A046
15-049,15-049_MAN,NULL,Component,1,0,2016-03-15 07:59:58.000,15-049,5A3D664D-1C55-4888-9064-0478D916693E,NULL,58C94362-7740-4A95-9C74-66581B084822,58C94362-7740-4A95-9C74-66581B084822,739CE0E9-16D3-4425-B242-2A817F86CF31
15-049,15-049_TOP,NULL,Component,1,0,2016-03-15 07:59:58.000,15-049,DB2A708E-8D22-480B-BEEC-1F9C66108008,NULL,58C94362-7740-4A95-9C74-66581B084822,58C94362-7740-4A95-9C74-66581B084822,B2E5DA2A-22DA-41D9-AC42-53D3276DE6DF
15-049_MAN,15-049_PRE,NULL,Component,1,0,2016-03-15 07:59:58.000,15-049,6C3BCB50-42FF-4278-A4A7-16375916996D,NULL,58C94362-7740-4A95-9C74-66581B084822,739CE0E9-16D3-4425-B242-2A817F86CF31,732A2280-9D6B-4AD9-8FBC-358FEDF1C74F
15-050,15-050_BTM,NULL,Component,1,0,2016-03-15 08:01:09.000,15-050,C0367445-299C-4FD5-8FAA-B4932FB388F2,NULL,B8BF10F2-D4EF-4C0B-A4BD-5C2A354306EE,B8BF10F2-D4EF-4C0B-A4BD-5C2A354306EE,6A24EA72-40CE-497D-9CBB-928D4D1EE770
15-050,15-050_MAN,NULL,Component,1,0,2016-03-15 08:01:09.000,15-050,0794EF34-4544-4B85-8425-DB9F8CB5233D,NULL,B8BF10F2-D4EF-4C0B-A4BD-5C2A354306EE,B8BF10F2-D4EF-4C0B-A4BD-5C2A354306EE,8B89E486-C09B-4D7A-AC84-B023F67C813B
15-050,15-050_TOP,NULL,Component,1,0,2016-03-15 08:01:09.000,15-050,C4204299-39C1-459D-B661-CFFBF8AE8C30,NULL,B8BF10F2-D4EF-4C0B-A4BD-5C2A354306EE,B8BF10F2-D4EF-4C0B-A4BD-5C2A354306EE,2E5DAD97-17C4-42EF-9CBD-7C593B2E7DC0
15-050_MAN,15-050_PRE,NULL,Component,1,0,2016-03-15 08:01:09.000,15-050,2CB587EC-3F86-4A3A-9613-18D95D9A1DFF,NULL,B8BF10F2-D4EF-4C0B-A4BD-5C2A354306EE,8B89E486-C09B-4D7A-AC84-B023F67C813B,361BC984-8A1D-4FAC-8381-8FC7A4A7DE57
15-051,15-051_BTM,967,Component,1,0,2016-03-23 07:40:47.000,15-051,50AF912F-9717-4CC0-A727-B2323AC2E1C7,3E702023-A802-43CB-B3CB-5B7B4CB0EA37,BAC0D86D-DAB0-4BC7-9F78-BBA8931D0909,BAC0D86D-DAB0-4BC7-9F78-BBA8931D0909,ACB4B353-92C4-447E-8F74-7C9FAB6A12BD
15-051,15-051_MAN,967,Component,1,0,2016-03-23 07:40:47.000,15-051,6C043E5C-2C58-4029-A73A-1DB0165F4BA9,3E702023-A802-43CB-B3CB-5B7B4CB0EA37,BAC0D86D-DAB0-4BC7-9F78-BBA8931D0909,BAC0D86D-DAB0-4BC7-9F78-BBA8931D0909,66536340-B5A8-4152-BF5B-7860CFAB2318
15-051,15-051_TOP,967,Component,1,0,2016-03-23 07:40:47.000,15-051,D5AB12A1-CA44-4F81-9FD9-47D3B9D6F0A8,3E702023-A802-43CB-B3CB-5B7B4CB0EA37,BAC0D86D-DAB0-4BC7-9F78-BBA8931D0909,BAC0D86D-DAB0-4BC7-9F78-BBA8931D0909,1EAA7E3D-9F09-433B-91AF-B7EFAE38CC18
15-051_MAN,15-051_PRE,992,Component,1,0,2016-03-23 07:40:47.000,15-051,D08E12E3-1CD5-4700-8970-3E9C6A1EC1BA,94EC3F52-D047-4212-BB70-AC349443F985,BAC0D86D-DAB0-4BC7-9F78-BBA8931D0909,66536340-B5A8-4152-BF5B-7860CFAB2318,203DBEE4-B45E-4D99-96BE-392EE8B67E77
15-052,15-052_BTM,1020,Component,1,0,2016-03-24 07:56:41.000,15-052,B3E32CC6-511A-46F2-B407-4AED348E9D29,7855828C-6305-4CEE-91AB-1E5AFD4ADD6E,71B58A01-C108-4315-86B1-2A55AB51498B,71B58A01-C108-4315-86B1-2A55AB51498B,05F1F335-5704-4415-AEB7-2AA69A40DDDD
15-052,15-052_MAN,1020,Component,1,0,2016-03-24 07:56:41.000,15-052,FD99332B-E38E-4601-BB5B-C8F6654E3EB4,7855828C-6305-4CEE-91AB-1E5AFD4ADD6E,71B58A01-C108-4315-86B1-2A55AB51498B,71B58A01-C108-4315-86B1-2A55AB51498B,021BDDB0-70A5-480F-80BF-70EC5AB64D85
15-052,15-052_TOP,1020,Component,1,0,2016-03-24 07:56:41.000,15-052,B6E206B7-E017-45E3-86C2-44232D63F4FF,7855828C-6305-4CEE-91AB-1E5AFD4ADD6E,71B58A01-C108-4315-86B1-2A55AB51498B,71B58A01-C108-4315-86B1-2A55AB51498B,F096ED9B-EFD3-45C4-97C1-B159E0F3E980
15-052_MAN,15-052_PRE,1044,Component,1,0,2016-03-24 07:56:41.000,15-052,8BF15B62-54BF-4B02-97AA-13070FC7AFDA,218AD332-D78A-44D3-A249-C3CD2DC22A39,71B58A01-C108-4315-86B1-2A55AB51498B,021BDDB0-70A5-480F-80BF-70EC5AB64D85,96092ACE-6A03-4403-AEA0-14E2C845E203
15-053,15-053_BTM,1073,Component,1,0,2015-11-11 10:28:17.120,15-053,5EF922B6-EAEA-44B1-A0D8-0523C257BE30,34F6E8FA-5A5E-45E3-89B0-62491A858A1C,5AFEB661-6090-4121-9D71-82B2543EDBC1,5AFEB661-6090-4121-9D71-82B2543EDBC1,87594CAC-D79F-47EA-9E37-53C7F7EFC00E
15-053,15-053_MAN,1073,Component,1,0,2015-11-11 10:28:17.120,15-053,12B6F752-76AE-4D1C-829E-44634F5C2848,34F6E8FA-5A5E-45E3-89B0-62491A858A1C,5AFEB661-6090-4121-9D71-82B2543EDBC1,5AFEB661-6090-4121-9D71-82B2543EDBC1,6B581BAD-0C2C-4DE7-B498-266C15F30D52
15-053,15-053_TOP,1073,Component,1,0,2015-11-11 10:28:17.120,15-053,4D961867-4E52-4F70-8172-6F7FD8427D7F,34F6E8FA-5A5E-45E3-89B0-62491A858A1C,5AFEB661-6090-4121-9D71-82B2543EDBC1,5AFEB661-6090-4121-9D71-82B2543EDBC1,8601EBE6-E876-4EEB-9A94-274A9ADD92AA
15-053_MAN,15-053_PRE,1097,Component,1,0,2015-11-11 10:28:17.130,15-053,97847E57-8834-4C42-8119-7DD366BB3D9A,73A8D7B7-E4EC-4AA1-94BD-BCDDA1C02D79,5AFEB661-6090-4121-9D71-82B2543EDBC1,6B581BAD-0C2C-4DE7-B498-266C15F30D52,FAC755CF-BAC0-418E-B404-2A3D31D8FA91
15-054,15-054_BTM,1126,Component,1,0,2015-11-11 10:28:16.400,15-054,91EB1B9A-DB78-445F-BF71-E97F4F96251D,0E33114A-DDA4-4ABF-8138-593DD355947A,B9977105-B0E0-4663-8B74-B9103BDAD859,B9977105-B0E0-4663-8B74-B9103BDAD859,2C65E913-AF0F-42E5-89EF-6CD4F82A5242
15-054,15-054_MAN,1126,Component,1,0,2015-11-11 10:28:16.400,15-054,9C7E14F0-127B-4BCE-8B62-6E472A676864,0E33114A-DDA4-4ABF-8138-593DD355947A,B9977105-B0E0-4663-8B74-B9103BDAD859,B9977105-B0E0-4663-8B74-B9103BDAD859,1701D2A6-5EDE-4506-B755-4944E560AFFB
15-054,15-054_TOP,1126,Component,1,0,2015-11-11 10:28:16.400,15-054,015EF320-9720-4679-BDB2-4FCA36136244,0E33114A-DDA4-4ABF-8138-593DD355947A,B9977105-B0E0-4663-8B74-B9103BDAD859,B9977105-B0E0-4663-8B74-B9103BDAD859,FF6E475D-EED0-45A1-A7A1-DE3E033C0105
15-054_MAN,15-054_PRE,1150,Component,1,0,2015-11-11 10:28:16.410,15-054,DDCB6574-933D-405E-BFC1-12D3B8BBB494,6F16E7A2-FAEE-44C3-B8A1-ECBE46909656,B9977105-B0E0-4663-8B74-B9103BDAD859,1701D2A6-5EDE-4506-B755-4944E560AFFB,C217E38C-0DB5-4601-9863-A3FFD9211C82
15-055,15-055_BTM,1180,Component,1,0,2015-11-11 10:28:15.770,15-055,61536E81-D60F-4AE8-A554-4C42E68F5A78,CFCE0DBD-73E7-4202-B322-DA0B4AC23412,887D5A8F-FB2D-41D3-A905-4B2ED70CDAFF,887D5A8F-FB2D-41D3-A905-4B2ED70CDAFF,5883A245-1D37-4399-AB47-38557F27ADCD
15-055,15-055_MAN,1180,Component,1,0,2015-11-11 10:28:15.770,15-055,60C915FD-DE1E-4E0E-889F-18F910C9C7F7,CFCE0DBD-73E7-4202-B322-DA0B4AC23412,887D5A8F-FB2D-41D3-A905-4B2ED70CDAFF,887D5A8F-FB2D-41D3-A905-4B2ED70CDAFF,2ED548A8-F3B0-4EFA-B8E9-553B3C4A0912
15-055,15-055_TOP,1180,Component,1,0,2015-11-11 10:28:15.770,15-055,A7F4833B-A7AF-400A-BC00-50B247A9FE0B,CFCE0DBD-73E7-4202-B322-DA0B4AC23412,887D5A8F-FB2D-41D3-A905-4B2ED70CDAFF,887D5A8F-FB2D-41D3-A905-4B2ED70CDAFF,A7C008E2-7711-4503-A505-B6A9ACED18A0
15-055_MAN,15-055_PRE,1204,Component,1,0,2015-11-11 10:28:15.780,15-055,C376EDC3-D6D9-4114-9B60-AEE246DC9E8B,917150BC-4A51-4269-9B7B-4410A77CF474,887D5A8F-FB2D-41D3-A905-4B2ED70CDAFF,2ED548A8-F3B0-4EFA-B8E9-553B3C4A0912,C7A47611-ECFE-4892-BBF5-A425B66897F9
15-056,15-056_BTM,1233,Component,1,0,2015-11-11 10:28:17.940,15-056,68CD6616-C140-4ABF-8D5C-76612D586F38,46142519-BDDE-4E67-B8B3-AEAA9477C92C,4D3ACB46-9091-477E-87BF-B3428DD37093,4D3ACB46-9091-477E-87BF-B3428DD37093,AB00E16C-C878-40AB-9787-9180D15ED00D
15-056,15-056_MAN,1233,Component,1,0,2015-11-11 10:28:17.940,15-056,8D4C9274-5C22-4879-8C11-52F74DA63862,46142519-BDDE-4E67-B8B3-AEAA9477C92C,4D3ACB46-9091-477E-87BF-B3428DD37093,4D3ACB46-9091-477E-87BF-B3428DD37093,49530B9D-7F95-4737-966D-15BC4D56E631
15-056,15-056_TOP,1233,Component,1,0,2015-11-11 10:28:17.940,15-056,2499E2B4-85A7-4FEF-A8ED-114AD630EA0B,46142519-BDDE-4E67-B8B3-AEAA9477C92C,4D3ACB46-9091-477E-87BF-B3428DD37093,4D3ACB46-9091-477E-87BF-B3428DD37093,FA5D73EE-B0CD-42AB-8CEE-18023624338C
15-056_MAN,15-056_PRE,1257,Component,1,0,2015-11-11 10:28:17.950,15-056,51FCC7AF-F25F-4893-A09B-8268EDA83E9D,6EBEA75C-761A-4D09-8C34-7870BABF142B,4D3ACB46-9091-477E-87BF-B3428DD37093,49530B9D-7F95-4737-966D-15BC4D56E631,44919CD5-61DC-4A64-8ADD-38E7D5D6DD01
15-057,15-057_BTM,NULL,Component,1,0,2016-03-15 08:02:08.000,15-057,E39801A1-2C97-43A4-897C-21599717FD54,NULL,F3FC1C18-0A6B-4B44-8A9E-459E43742822,F3FC1C18-0A6B-4B44-8A9E-459E43742822,4149C0D9-17B0-4AF0-B774-7A728A4A77D8
15-057,15-057_MAN,NULL,Component,1,0,2016-03-15 08:02:08.000,15-057,842BABE3-B84F-4B89-8477-D7235D5845E1,NULL,F3FC1C18-0A6B-4B44-8A9E-459E43742822,F3FC1C18-0A6B-4B44-8A9E-459E43742822,75E29F9B-000B-41AB-B348-83419937DFE0
15-057,15-057_TOP,NULL,Component,1,0,2016-03-15 08:02:08.000,15-057,008A40AB-56F9-49C6-8057-8CFF8C25ABFB,NULL,F3FC1C18-0A6B-4B44-8A9E-459E43742822,F3FC1C18-0A6B-4B44-8A9E-459E43742822,16E80E33-5615-47E2-BA63-C899A49A69A1
15-057_MAN,15-057_PRE,NULL,Component,1,0,2016-03-15 08:02:08.000,15-057,029921C3-3D6F-4886-A028-DABF85154058,NULL,F3FC1C18-0A6B-4B44-8A9E-459E43742822,75E29F9B-000B-41AB-B348-83419937DFE0,1F80069F-640F-4E40-BE59-24B1523562A3
15-058,15-058_BTM,1339,Component,1,0,2016-04-18 08:20:33.000,15-058,3CCC7841-4BF5-4298-A283-0E916BA0525F,53B953F8-D1A0-43E0-846F-B1CFE60C2134,0FD95F76-4B69-40DB-A6B4-0C9CEBF4F400,0FD95F76-4B69-40DB-A6B4-0C9CEBF4F400,52F908AE-0764-4FF6-83FB-02ED522D2631
15-058,15-058_MAN,1339,Component,1,0,2016-04-18 08:20:33.000,15-058,04518058-98A4-4729-8DB7-566B5865B9A9,53B953F8-D1A0-43E0-846F-B1CFE60C2134,0FD95F76-4B69-40DB-A6B4-0C9CEBF4F400,0FD95F76-4B69-40DB-A6B4-0C9CEBF4F400,FD152015-D5F9-4D70-AAAA-4ED0E3FB7967
15-058,15-058_TOP,1339,Component,1,0,2016-04-18 08:20:33.000,15-058,8B84998C-036F-4D73-9247-3101DFE1F845,53B953F8-D1A0-43E0-846F-B1CFE60C2134,0FD95F76-4B69-40DB-A6B4-0C9CEBF4F400,0FD95F76-4B69-40DB-A6B4-0C9CEBF4F400,E06AF95E-A0CD-42B5-BADA-F64CE49F61F6
15-058_MAN,15-058_PRE,1363,Component,1,0,2016-04-18 08:20:33.000,15-058,A6E53231-7B18-487E-881D-8CB88F8D749B,944B97B6-21D5-497A-A8BB-B3395167E4BD,0FD95F76-4B69-40DB-A6B4-0C9CEBF4F400,FD152015-D5F9-4D70-AAAA-4ED0E3FB7967,7AEAE801-A06C-4F79-91AA-8BE6C11A6B76
15-059,15-059_BTM,NULL,Component,1,0,2015-07-09 08:20:16.000,15-059,048ED2D7-C435-47EC-B9EC-3D21B9291A7E,NULL,AF09E126-10CD-4626-958C-EFD628D08E48,AF09E126-10CD-4626-958C-EFD628D08E48,2D211509-3B49-4F0B-AE69-A0F6B672DC15
15-059,15-059_MAN,NULL,Component,1,0,2015-07-09 08:20:16.000,15-059,C02B4BAD-6AD7-4C26-862F-8F0F522CB575,NULL,AF09E126-10CD-4626-958C-EFD628D08E48,AF09E126-10CD-4626-958C-EFD628D08E48,2CB0C5E3-29A0-434A-A338-B09BEB777546
15-059,15-059_TOP,NULL,Component,1,0,2015-07-09 08:20:16.000,15-059,80452C49-6FA5-49C2-8833-BC53B2169942,NULL,AF09E126-10CD-4626-958C-EFD628D08E48,AF09E126-10CD-4626-958C-EFD628D08E48,1DC00CB5-D934-42C0-9912-ABE8E8A2016B
15-059_MAN,15-059_PRE,NULL,Component,1,0,2015-07-09 08:20:16.000,15-059,90868070-A1B7-479C-9CFE-1884FBB39D11,NULL,AF09E126-10CD-4626-958C-EFD628D08E48,2CB0C5E3-29A0-434A-A338-B09BEB777546,05DFDC68-5EB5-488F-9692-9320A28072FD
15-060,15-060_BTM,1445,Component,1,0,2016-02-09 13:00:31.000,15-060,40AC7EAA-279B-4A56-9C67-28A00EEF009E,5EAA8D78-EC0A-462B-BD14-1F8168722A70,5C56971D-3A4C-41DF-91F8-EC0F516FF8FD,5C56971D-3A4C-41DF-91F8-EC0F516FF8FD,F5407181-14C2-4940-A0FB-3CAE6FF746C0
15-060,15-060_MAN,1445,Component,1,0,2016-02-09 13:00:32.000,15-060,D3A0558E-1AE3-4459-940F-6C9D7D186D0F,5EAA8D78-EC0A-462B-BD14-1F8168722A70,5C56971D-3A4C-41DF-91F8-EC0F516FF8FD,5C56971D-3A4C-41DF-91F8-EC0F516FF8FD,70B1E9BD-520B-4585-9C38-DA71C782579A
15-060,15-060_TOP,1445,Component,1,0,2016-02-09 13:00:32.000,15-060,970AF454-3A39-4D0A-A994-13E1B5E1F188,5EAA8D78-EC0A-462B-BD14-1F8168722A70,5C56971D-3A4C-41DF-91F8-EC0F516FF8FD,5C56971D-3A4C-41DF-91F8-EC0F516FF8FD,E8E72A34-D95E-4403-B25A-2D354ECC798F
15-060_MAN,15-060_PRE,1469,Component,1,0,2016-02-09 13:00:32.000,15-060,2A80C6C1-A390-434A-9E80-7ED4952E31AF,A2041DB8-1A36-4A28-807D-9673DC2D88DF,5C56971D-3A4C-41DF-91F8-EC0F516FF8FD,70B1E9BD-520B-4585-9C38-DA71C782579A,519079A4-918C-4A77-891E-5E217E473676
15-061,15-061_BTM,1498,Component,1,0,2015-10-14 09:30:11.420,15-061,7E3CAEED-C278-4F34-8785-802FB9850DC7,74C77E9F-9AF3-4F81-875E-099A163FD18B,0C33309C-C084-446E-B7DD-1A31EA3A30BD,0C33309C-C084-446E-B7DD-1A31EA3A30BD,F7A4A340-B74D-4C46-B834-A6CD856B3FE1
15-061,15-061_MAN,1498,Component,1,0,2015-10-14 09:30:11.420,15-061,37D4DA6E-40A1-42FA-A4FA-2615B5FFF26D,74C77E9F-9AF3-4F81-875E-099A163FD18B,0C33309C-C084-446E-B7DD-1A31EA3A30BD,0C33309C-C084-446E-B7DD-1A31EA3A30BD,3EEAE35C-FB25-4F63-AF0A-02F973873A42
15-061,15-061_TOP,1498,Component,1,0,2015-10-14 09:30:11.420,15-061,1834F876-B6E0-4CBB-A212-FCADF208F4F2,74C77E9F-9AF3-4F81-875E-099A163FD18B,0C33309C-C084-446E-B7DD-1A31EA3A30BD,0C33309C-C084-446E-B7DD-1A31EA3A30BD,EE1E8435-F794-4E0D-8D2C-CFC6472B53F7
15-061_MAN,15-061_PRE,1522,Component,1,0,2015-10-14 09:30:11.440,15-061,C4A3FA4F-0F95-465D-B86A-15D448362C7D,2156BA30-9774-4989-8229-63304CC5394C,0C33309C-C084-446E-B7DD-1A31EA3A30BD,3EEAE35C-FB25-4F63-AF0A-02F973873A42,18534720-4F44-4876-A3B9-7030B073CC78
15-062,15-062_BTM,NULL,Component,1,0,2015-07-09 08:28:38.000,15-062,E41F37ED-8149-48BD-844D-43D180E37D70,NULL,03881CF7-208D-40B8-8E98-6A78615F6DED,03881CF7-208D-40B8-8E98-6A78615F6DED,4A896AA2-A00B-4BD7-A306-7E029153A8C6
15-062,15-062_MAN,NULL,Component,1,0,2015-07-09 08:28:38.000,15-062,6E6FF7BB-59F6-4AC1-82FB-C5A629488BA6,NULL,03881CF7-208D-40B8-8E98-6A78615F6DED,03881CF7-208D-40B8-8E98-6A78615F6DED,75DB8B7A-DDE0-4AF0-9D4C-D3AE399554F2
15-062,15-062_TOP,NULL,Component,1,0,2015-07-09 08:28:38.000,15-062,E3A70B75-04BF-4E53-9B36-FF91A56509F6,NULL,03881CF7-208D-40B8-8E98-6A78615F6DED,03881CF7-208D-40B8-8E98-6A78615F6DED,35A2F727-8F9E-4FDE-8462-91908E02D234
15-062_MAN,15-062_PRE,NULL,Component,1,0,2015-07-09 08:28:38.000,15-062,A4888518-8562-4F2F-85F8-5B267D6808A0,NULL,03881CF7-208D-40B8-8E98-6A78615F6DED,75DB8B7A-DDE0-4AF0-9D4C-D3AE399554F2,605281C5-5675-4C92-A677-E7295730465E
15-068,15-068_BTM,NULL,Component,1,0,2015-10-19 13:43:59.000,15-068,61889DCC-C7F1-4C5F-974D-2D8718F2F42D,NULL,16E6FDE4-EBB1-4D4F-922D-3567D91E73F1,16E6FDE4-EBB1-4D4F-922D-3567D91E73F1,9B1035A7-9EAA-4D98-92D2-A78697D6487B
15-068,15-068_MAN,NULL,Component,1,0,2015-10-19 13:43:59.000,15-068,B75BE25E-DA75-4E64-888A-A2C32EE80D37,NULL,16E6FDE4-EBB1-4D4F-922D-3567D91E73F1,16E6FDE4-EBB1-4D4F-922D-3567D91E73F1,ECD444E3-ACC9-4484-A463-7DF80B710891
15-068,15-068_TOP,NULL,Component,1,0,2015-10-19 13:43:59.000,15-068,CE82CCE4-FCEE-4E48-A63D-93079EEB81A1,NULL,16E6FDE4-EBB1-4D4F-922D-3567D91E73F1,16E6FDE4-EBB1-4D4F-922D-3567D91E73F1,1A428DB6-620F-40EE-964A-B38D3D620A9A
15-068_MAN,15-068_PRE,NULL,Component,1,0,2015-10-19 13:43:59.000,15-068,E1B166D4-B2AA-42F7-876A-EA8EBFB39CEF,NULL,16E6FDE4-EBB1-4D4F-922D-3567D91E73F1,ECD444E3-ACC9-4484-A463-7DF80B710891,71A52D9F-AD76-429F-8F95-F8B964487A4F
15-068_PRE,15-068_ADM,NULL,Component,1,0,2015-10-19 13:43:59.000,15-068,3182E2CF-E0E2-44AE-A2F3-74F057984814,NULL,16E6FDE4-EBB1-4D4F-922D-3567D91E73F1,71A52D9F-AD76-429F-8F95-F8B964487A4F,3BCAE2CB-A664-4670-89C1-1C46615104DB
15-069,15-069_BTM,NULL,Component,1,0,2015-10-19 13:44:47.000,15-069,8D587CEE-1BDD-46CF-8E81-F69DF0A5CBB4,NULL,512AE4D8-9741-4006-804A-86ADFFB6BDE7,512AE4D8-9741-4006-804A-86ADFFB6BDE7,273BCB61-346B-4682-BEBA-72EC612A7F4B
15-069,15-069_MAN,NULL,Component,1,0,2015-10-19 13:44:47.000,15-069,5FCD6019-971F-436E-B820-AC0EEDBC4F70,NULL,512AE4D8-9741-4006-804A-86ADFFB6BDE7,512AE4D8-9741-4006-804A-86ADFFB6BDE7,23610AB1-00A3-4C30-BABB-D638B9B61358
15-069,15-069_TOP,NULL,Component,1,0,2015-10-19 13:44:47.000,15-069,26D1FB22-65FD-41FE-989A-E6A82F196998,NULL,512AE4D8-9741-4006-804A-86ADFFB6BDE7,512AE4D8-9741-4006-804A-86ADFFB6BDE7,18E07DE8-D868-49F1-8F38-6B2177DE2AEB
15-069_MAN,15-069_PRE,NULL,Component,1,0,2015-10-19 13:44:47.000,15-069,CAFF788B-0E9F-476A-AF57-30D49D612F6A,NULL,512AE4D8-9741-4006-804A-86ADFFB6BDE7,23610AB1-00A3-4C30-BABB-D638B9B61358,B7E9E771-56C5-4F6B-A3F6-33F388239660
15-069_PRE,15-069_ADM,NULL,Component,1,0,2015-10-19 13:44:47.000,15-069,24C9C53A-B027-4A06-8F8D-335D2C0E12F5,NULL,512AE4D8-9741-4006-804A-86ADFFB6BDE7,B7E9E771-56C5-4F6B-A3F6-33F388239660,BDED603B-6890-4B9A-A0E1-FCA498F91F34
15-070,15-070_BTM,NULL,Component,1,0,2015-10-19 13:45:33.000,15-070,A9D8C311-B9EC-444B-8E77-FB13C2E5AB71,NULL,357EC1F9-01BB-4302-AC38-4DEB2829EECC,357EC1F9-01BB-4302-AC38-4DEB2829EECC,9263105C-1292-4BA3-A826-B84B3BDEBABE
15-070,15-070_MAN,NULL,Component,1,0,2015-10-19 13:45:33.000,15-070,2038AEE2-E6FA-4C50-AEAE-F628AA72F13E,NULL,357EC1F9-01BB-4302-AC38-4DEB2829EECC,357EC1F9-01BB-4302-AC38-4DEB2829EECC,9B325590-CA1B-47AB-B33F-41CA2735C830
15-070,15-070_TOP,NULL,Component,1,0,2015-10-19 13:45:33.000,15-070,FD983EB6-DE02-4950-B94C-2C392047A19C,NULL,357EC1F9-01BB-4302-AC38-4DEB2829EECC,357EC1F9-01BB-4302-AC38-4DEB2829EECC,88CE029F-52C5-4FA7-AAE9-DEEC22233DEF
15-070_MAN,15-070_PRE,NULL,Component,1,0,2015-10-19 13:45:33.000,15-070,AF216058-804B-4376-9358-9DE80969B632,NULL,357EC1F9-01BB-4302-AC38-4DEB2829EECC,9B325590-CA1B-47AB-B33F-41CA2735C830,EC56B463-0007-4291-9F83-EAE9796F7F1D
15-070_PRE,15-070_ADM,NULL,Component,1,0,2015-10-19 13:45:33.000,15-070,16A3FF3A-FD79-437E-963F-1E42199629DB,NULL,357EC1F9-01BB-4302-AC38-4DEB2829EECC,EC56B463-0007-4291-9F83-EAE9796F7F1D,AD573A74-DA5A-4D81-9B39-75CE71DB22DA
15-072,15-072_MAN,NULL,Component,1,0,2015-10-19 13:04:49.000,15-072,B5C22B33-6CB7-4B99-8F8A-0DAFC3328268,NULL,3CA54FC8-0167-4187-B55E-7F25EFBCAB6E,3CA54FC8-0167-4187-B55E-7F25EFBCAB6E,1CCAC053-3319-423D-9A62-A278CE667306
15-072_MAN,15-072_PRE,NULL,Component,1,0,2015-10-19 13:04:49.000,15-072,123CCBB5-A4C0-4382-82F7-FA46CA063A1E,NULL,3CA54FC8-0167-4187-B55E-7F25EFBCAB6E,1CCAC053-3319-423D-9A62-A278CE667306,D800185A-93CD-4A7E-BCA3-1FCB00A5AD4D
15-072_PRE,15-072_ADM,NULL,Component,1,0,2015-10-19 13:04:49.000,15-072,55870062-6D71-4F1E-A0C5-EA3491F5CC4F,NULL,3CA54FC8-0167-4187-B55E-7F25EFBCAB6E,D800185A-93CD-4A7E-BCA3-1FCB00A5AD4D,7AC60D04-34E8-4344-862E-A8E835FE1DF2
15-074,15-074_MAN,NULL,Component,1,0,2015-11-09 08:11:01.000,15-074,51B14505-AB68-408B-9A2B-0ED167F9DB94,NULL,13574AE0-873C-428C-8C84-8C442DE7FB02,13574AE0-873C-428C-8C84-8C442DE7FB02,C6598318-3D8F-447D-B3C3-56F276BFA770
15-074,15-074_TOP,NULL,Component,1,0,2015-11-09 08:11:01.000,15-074,EE6495A8-A36E-4ABE-82E6-D47A4ED263F7,NULL,13574AE0-873C-428C-8C84-8C442DE7FB02,13574AE0-873C-428C-8C84-8C442DE7FB02,3EC06529-FED0-4655-948B-1FC7E967A07B
15-074_MAN,15-074_PRE,NULL,Component,1,0,2015-11-09 08:11:02.000,15-074,3BDCBE85-8EEA-48CF-A7FC-A1DB6E9DEFF2,NULL,13574AE0-873C-428C-8C84-8C442DE7FB02,C6598318-3D8F-447D-B3C3-56F276BFA770,1EC370BA-2BBB-41D7-9631-75A4FA2E0D81
15-074_PRE,15-074_ADM,NULL,Component,1,0,2015-11-09 08:11:02.000,15-074,09E19E65-9C83-46EA-8CDC-85358C6D0F4F,NULL,13574AE0-873C-428C-8C84-8C442DE7FB02,1EC370BA-2BBB-41D7-9631-75A4FA2E0D81,FD836BD8-AA4A-47B4-942D-8C0FE1861E69
15-075,15-075_BTM,NULL,Component,1,0,2015-11-09 07:55:01.000,15-075,DD608A15-C229-465F-866F-7702412CE890,NULL,903D73CE-ED03-4051-920E-3380BF186617,903D73CE-ED03-4051-920E-3380BF186617,25A5D12F-FE39-41D7-942C-E7D29BC8FD69
15-075,15-075_MAN,NULL,Component,1,0,2015-11-09 07:55:01.000,15-075,2C274803-5032-462B-9505-08CBB9385E93,NULL,903D73CE-ED03-4051-920E-3380BF186617,903D73CE-ED03-4051-920E-3380BF186617,C5C38612-7F3F-4614-A7EF-0AAAE20A35D0
15-075,15-075_TOP,NULL,Component,1,0,2015-11-09 07:55:01.000,15-075,E3E0CBBF-A2C7-451A-9AFC-B074C5FC1B21,NULL,903D73CE-ED03-4051-920E-3380BF186617,903D73CE-ED03-4051-920E-3380BF186617,CA806F47-B4F7-446C-98B9-BDFB8DC0FF84
15-075_MAN,15-075_PRE,NULL,Component,1,0,2015-11-09 07:55:01.000,15-075,482C0BC9-54BF-4431-8C1E-11017A19AFAA,NULL,903D73CE-ED03-4051-920E-3380BF186617,C5C38612-7F3F-4614-A7EF-0AAAE20A35D0,24051A95-FA4E-44F5-B7C9-9DFC96CC7DEB
15-075_PRE,15-075_ADM,NULL,Component,1,0,2015-11-09 07:55:01.000,15-075,E61CBC6A-18F5-4398-86A9-39BAC6BD6545,NULL,903D73CE-ED03-4051-920E-3380BF186617,24051A95-FA4E-44F5-B7C9-9DFC96CC7DEB,8AD30C35-DA06-4CCC-A21D-71DCA28A2E8A
15-077,15-077_BTM,1710,Component,1,0,2015-12-22 13:47:32.000,15-077,D4A9F71A-8B57-4ECB-AFC3-9CE84E50842A,074E831C-21D4-430A-8367-C094FB9243C4,95D76681-7436-4B9E-80C8-423BB32656B7,95D76681-7436-4B9E-80C8-423BB32656B7,17036670-DE64-4479-A2D3-ED2E2DD414BA
15-077,15-077_MAN,1710,Component,1,0,2015-12-22 13:47:32.000,15-077,5649B1FC-58AF-4D4D-AF26-5584FBB4513B,074E831C-21D4-430A-8367-C094FB9243C4,95D76681-7436-4B9E-80C8-423BB32656B7,95D76681-7436-4B9E-80C8-423BB32656B7,D876EEBA-423F-461C-867E-9F69BD4909AD
15-077_MAN,15-077_PRE,1738,Component,1,0,2015-12-22 13:47:32.000,15-077,D531D7AF-C844-446C-B138-75C233C96B9A,C609D762-6026-46CB-80C3-C99B35E7ADFF,95D76681-7436-4B9E-80C8-423BB32656B7,D876EEBA-423F-461C-867E-9F69BD4909AD,C0A3A651-34DF-4670-94C1-641F2A42CC11
15-078,15-078_BTM,NULL,Component,1,0,2015-08-26 13:06:37.000,15-078,C8384BDD-BFD3-400A-9BB6-0980A0370E68,NULL,12FE313B-6008-4482-A84A-5AAD1D41D9BF,12FE313B-6008-4482-A84A-5AAD1D41D9BF,4E4093F0-A39A-494C-B261-ACFD383CE9D0
15-078,15-078_MAN,NULL,Component,1,0,2015-08-26 13:06:37.000,15-078,FC3AD02E-E072-4348-97C5-531DEAE357D6,NULL,12FE313B-6008-4482-A84A-5AAD1D41D9BF,12FE313B-6008-4482-A84A-5AAD1D41D9BF,FA446FEC-DDFA-421D-A6CF-89CB84A1CA6D
15-078,15-078_TOP,NULL,Component,1,0,2015-08-26 13:06:37.000,15-078,1DF59F3F-2598-45A3-9FFA-80D7F112A480,NULL,12FE313B-6008-4482-A84A-5AAD1D41D9BF,12FE313B-6008-4482-A84A-5AAD1D41D9BF,1EE501C7-EB1C-4383-B817-383BAEC09546
15-078_MAN,15-078_PRE,NULL,Component,1,0,2015-08-26 13:06:37.000,15-078,3A97064C-45B3-43AB-9527-0B320CB6B2D9,NULL,12FE313B-6008-4482-A84A-5AAD1D41D9BF,FA446FEC-DDFA-421D-A6CF-89CB84A1CA6D,A8E7CE48-9BD2-4EBB-BC3F-C4C84D6C9196
15-078_PRE,15-078_ADM,NULL,Component,1,0,2015-08-26 13:06:37.000,15-078,E90B5C4F-34BE-4AB5-BC18-F6CD4D77F37C,NULL,12FE313B-6008-4482-A84A-5AAD1D41D9BF,A8E7CE48-9BD2-4EBB-BC3F-C4C84D6C9196,4DBBD1F7-3B17-4051-B4B9-0B96362BCC50
15-081,15-081_BTM,1869,Component,1,0,2015-12-22 13:50:27.000,15-081,CBD7568B-B5FE-4F00-91B9-60B947F875C1,EB298D03-F8B6-48A1-B5B3-E1678B00719B,EB548365-859D-4B3B-9051-31AB1B7FDF62,EB548365-859D-4B3B-9051-31AB1B7FDF62,445DF7A5-BF1A-4654-90D6-C9CF4F6D18D4
15-081,15-081_MAN,1869,Component,1,0,2015-12-22 13:50:27.000,15-081,CD906622-61E7-43B6-9A05-98494512A8AE,EB298D03-F8B6-48A1-B5B3-E1678B00719B,EB548365-859D-4B3B-9051-31AB1B7FDF62,EB548365-859D-4B3B-9051-31AB1B7FDF62,2C32CA67-B3C2-466E-925F-2D565A3D2AD9
15-081_MAN,15-081_PRE,1895,Component,1,0,2015-12-22 13:50:27.000,15-081,621AEDE7-42C6-41DD-8E85-4D0503909A67,0AF09193-A859-48A2-BC08-0D5677A2453D,EB548365-859D-4B3B-9051-31AB1B7FDF62,2C32CA67-B3C2-466E-925F-2D565A3D2AD9,24828D9C-9E19-4F1A-BCE0-1A9941D8C8F6
15-082,15-082_MAN,NULL,Component,1,0,2015-12-22 13:51:27.000,15-082,FCC1D67A-9A28-477C-955E-6B1429E9676B,NULL,4E8D22ED-C655-4E52-A88A-400720007F52,4E8D22ED-C655-4E52-A88A-400720007F52,2F2D8A9B-9527-4CB7-96C3-E824EDF6F1B6
15-082_MAN,15-082_PRE,NULL,Component,1,0,2015-12-22 13:51:27.000,15-082,C624B47C-1178-4C78-9997-E5AF4B4A8ED6,NULL,4E8D22ED-C655-4E52-A88A-400720007F52,2F2D8A9B-9527-4CB7-96C3-E824EDF6F1B6,65669A06-2087-4ABC-8FE1-2F0320B4B816
15-087,15-087_BTM,1763,Component,1,0,2016-01-22 08:52:15.000,15-087,71E60BFA-3F5E-4FD1-92A4-E77A753DC5AF,36EA63B8-9B8E-407B-B7F4-CF169A0A50B1,23F6FE7B-EAF0-4353-AB3E-1B943534D30A,23F6FE7B-EAF0-4353-AB3E-1B943534D30A,2F46A539-457B-416A-9995-53D885D04B9C
15-087,15-087_MAN,1763,Component,1,0,2016-01-22 08:52:15.000,15-087,31116E27-C726-45F6-BB29-5A6A01C68BD6,36EA63B8-9B8E-407B-B7F4-CF169A0A50B1,23F6FE7B-EAF0-4353-AB3E-1B943534D30A,23F6FE7B-EAF0-4353-AB3E-1B943534D30A,9327E550-0BBF-4B35-B10A-6B214B797E4C
15-087,15-087_TOP,1763,Component,1,0,2016-01-22 08:52:15.000,15-087,32D1DFF7-F391-4A87-8302-E96609D177B8,36EA63B8-9B8E-407B-B7F4-CF169A0A50B1,23F6FE7B-EAF0-4353-AB3E-1B943534D30A,23F6FE7B-EAF0-4353-AB3E-1B943534D30A,DB6545B0-4753-4C9D-B5E7-44A27E72063E
15-087_MAN,15-087_PRE,1787,Component,1,0,2016-01-22 08:52:15.000,15-087,20235708-113C-4EB8-A22F-F83368DF2FDF,FCD41FA6-43C4-4AB9-B460-0A3912969DD5,23F6FE7B-EAF0-4353-AB3E-1B943534D30A,9327E550-0BBF-4B35-B10A-6B214B797E4C,922C9B32-7A4F-4030-BADD-376EE136BB81
15-088,15-088_BTM,1816,Component,1,0,2016-01-22 08:53:47.000,15-088,07700CCC-894A-4676-955C-8D2006C93638,BF03A961-92A6-4D15-84B2-1191CDA2F3F8,5234C4F2-B092-4CD8-8079-A14B11C21721,5234C4F2-B092-4CD8-8079-A14B11C21721,A318B249-B735-4215-8481-2354F1F4EDA4
15-088,15-088_MAN,1816,Component,1,0,2016-01-22 08:53:47.000,15-088,03B889E4-95C6-49F2-AB34-E8C1E0D3110D,BF03A961-92A6-4D15-84B2-1191CDA2F3F8,5234C4F2-B092-4CD8-8079-A14B11C21721,5234C4F2-B092-4CD8-8079-A14B11C21721,0059A377-E46B-4B7D-8C9F-1EF1D6FA8357
15-088,15-088_TOP,1816,Component,1,0,2016-01-22 08:53:47.000,15-088,6D11DDFE-82F5-4B88-BB64-B35232A0AC14,BF03A961-92A6-4D15-84B2-1191CDA2F3F8,5234C4F2-B092-4CD8-8079-A14B11C21721,5234C4F2-B092-4CD8-8079-A14B11C21721,0C8A632E-73AC-4DC1-9BF7-F32CE3255F42
15-088_MAN,15-088_PRE,1840,Component,1,0,2016-01-22 08:53:47.000,15-088,70254147-FC94-4F32-8067-EC90B4F4B484,731CC6A0-8565-412A-A2F5-841784F1CEE7,5234C4F2-B092-4CD8-8079-A14B11C21721,0059A377-E46B-4B7D-8C9F-1EF1D6FA8357,5B9EAB40-5050-4532-AF78-1E3E62684F20
15-090,15-090_BTM,2139,Component,1,0,2015-12-10 07:54:24.000,15-090,85C0B05C-A0D9-4388-A1C6-1103771E707C,D57FD9DC-3642-4CD4-8F41-7450FDDBC2F0,CDAF9805-B204-42D4-99AB-F5FE6AF3B59E,CDAF9805-B204-42D4-99AB-F5FE6AF3B59E,0BE8691F-FB80-4406-ACCB-4D85BF249F83
15-090,15-090_MAN,2139,Component,1,0,2015-12-10 07:54:24.000,15-090,F81D4E47-7154-4DE9-8B16-A8701E9B2A0A,D57FD9DC-3642-4CD4-8F41-7450FDDBC2F0,CDAF9805-B204-42D4-99AB-F5FE6AF3B59E,CDAF9805-B204-42D4-99AB-F5FE6AF3B59E,0D6062A4-E40E-47DB-A727-A13B6E13CF08
15-090,15-090_TOP,2139,Component,1,0,2015-12-10 07:54:24.000,15-090,035EFA81-1AE8-43DC-BF17-2F0BA0B0FE57,D57FD9DC-3642-4CD4-8F41-7450FDDBC2F0,CDAF9805-B204-42D4-99AB-F5FE6AF3B59E,CDAF9805-B204-42D4-99AB-F5FE6AF3B59E,49C192FD-942C-469F-9524-5EF02248A2B8
15-090_MAN,15-090_PRE,2163,Component,1,0,2015-12-10 07:54:24.000,15-090,E05983A4-5A02-4D7F-A1D9-9ED765513EC2,DB94B81E-952B-4728-A2C4-48C0208041C9,CDAF9805-B204-42D4-99AB-F5FE6AF3B59E,0D6062A4-E40E-47DB-A727-A13B6E13CF08,989F04DD-171B-44E7-88D6-D1AEFA6F94DC
15-091,15-091_BTM,2192,Component,1,0,2015-12-10 08:01:03.000,15-091,BE4FD802-49CA-44DE-A444-E6212FDDF768,6A9B06D5-C538-4FC8-8491-B3A2DB3D0B0A,5B268720-FA0B-4792-9C0B-8ADC39C11026,5B268720-FA0B-4792-9C0B-8ADC39C11026,DD32A5D5-4C35-46E7-BD7C-4BCE453BFF46
15-091,15-091_MAN,2192,Component,1,0,2015-12-10 08:01:03.000,15-091,78EA7ADC-F449-4D04-AC89-45A50E2EB4A3,6A9B06D5-C538-4FC8-8491-B3A2DB3D0B0A,5B268720-FA0B-4792-9C0B-8ADC39C11026,5B268720-FA0B-4792-9C0B-8ADC39C11026,74C04BBF-9559-41B0-A1AD-3F97B99D9D54
15-091,15-091_TOP,2192,Component,1,0,2015-12-10 08:01:03.000,15-091,A9175254-59EB-4178-A238-EC292E0DDD7D,6A9B06D5-C538-4FC8-8491-B3A2DB3D0B0A,5B268720-FA0B-4792-9C0B-8ADC39C11026,5B268720-FA0B-4792-9C0B-8ADC39C11026,8A2BAEB6-BB9C-414B-9EE3-9F3B28EF6506
15-091_MAN,15-091_PRE,2216,Component,1,0,2015-12-10 08:01:03.000,15-091,8390D03D-D535-43AF-975F-3549E10A3597,AFF32E0D-E31D-4303-B80D-FE9BC070CB26,5B268720-FA0B-4792-9C0B-8ADC39C11026,74C04BBF-9559-41B0-A1AD-3F97B99D9D54,5DB98A1C-C829-4ECD-B205-6292FB808F06
15-093,15-093_BTM,NULL,Component,1,0,2016-02-10 14:28:14.000,15-093,80F9AF2B-8FA0-4BDC-8C1D-7ADBF58C9922,NULL,5DC13A31-725B-4649-8CD7-09DC766B1720,5DC13A31-725B-4649-8CD7-09DC766B1720,B7118865-42F5-4A6E-9DB5-3D5C1BE3DA4B
15-093,15-093_MAN,NULL,Component,1,0,2016-02-10 14:28:14.000,15-093,2E58D233-2A87-45B6-B941-40C30C35AF6C,NULL,5DC13A31-725B-4649-8CD7-09DC766B1720,5DC13A31-725B-4649-8CD7-09DC766B1720,87E3013B-82AA-47A8-8F85-152B4F46B708
15-093,15-093_TOP,NULL,Component,1,0,2016-02-10 14:28:14.000,15-093,A5059BE6-CE71-4626-A92B-69F89FA1E45C,NULL,5DC13A31-725B-4649-8CD7-09DC766B1720,5DC13A31-725B-4649-8CD7-09DC766B1720,FFF9410F-C5DE-49DC-98A6-29A0F6790748
15-093_MAN,15-093_PRE,NULL,Component,1,0,2016-02-10 14:28:14.000,15-093,6971D427-2807-4802-A7B2-56C5E8D80322,NULL,5DC13A31-725B-4649-8CD7-09DC766B1720,87E3013B-82AA-47A8-8F85-152B4F46B708,C70FE798-5039-4D82-8B7A-0534DA55F7C4
15-093_PRE,15-093_ADM,NULL,Component,1,0,2016-02-10 14:28:14.000,15-093,ED25CBBD-6B0C-4C8F-9E37-B875E1D979E7,NULL,5DC13A31-725B-4649-8CD7-09DC766B1720,C70FE798-5039-4D82-8B7A-0534DA55F7C4,7A13C238-229F-432C-9E3F-B79D77EEC67A
15-094,15-094_BTM,NULL,Component,1,0,2016-02-10 14:41:02.000,15-094,EC2A6C01-020E-47D6-BC35-66B959C058EE,NULL,48E21C6D-4F8F-4F40-9FF0-8E8BD20E2DF0,48E21C6D-4F8F-4F40-9FF0-8E8BD20E2DF0,1E3E9CDD-7535-4F34-97CD-823954641511
15-094,15-094_MAN,NULL,Component,1,0,2016-02-10 14:41:02.000,15-094,2BB97BC1-D89E-4025-89AA-97EBF83749FC,NULL,48E21C6D-4F8F-4F40-9FF0-8E8BD20E2DF0,48E21C6D-4F8F-4F40-9FF0-8E8BD20E2DF0,6234EC8B-DB20-4CF7-955C-7867878C2600
15-094,15-094_TOP,NULL,Component,1,0,2016-02-10 14:41:02.000,15-094,746DC6DC-7369-45E3-B88C-EC348C87CAEA,NULL,48E21C6D-4F8F-4F40-9FF0-8E8BD20E2DF0,48E21C6D-4F8F-4F40-9FF0-8E8BD20E2DF0,2EEAC160-C6B9-45E9-81DB-95302CCB9689
15-094_MAN,15-094_PRE,NULL,Component,1,0,2016-02-10 14:41:02.000,15-094,4C5B2F0A-41B8-4EBE-8ABD-AFA34462E318,NULL,48E21C6D-4F8F-4F40-9FF0-8E8BD20E2DF0,6234EC8B-DB20-4CF7-955C-7867878C2600,2F82C6E6-04D0-40A2-9470-3E01506468AC
15-094_PRE,15-094_ADM,NULL,Component,1,0,2016-02-10 14:41:02.000,15-094,537E876A-BEEC-4936-8135-E5E349CE5857,NULL,48E21C6D-4F8F-4F40-9FF0-8E8BD20E2DF0,2F82C6E6-04D0-40A2-9470-3E01506468AC,7FB62DEA-148F-492C-85AA-3772986D8737
15-095,15-095_BTM,NULL,Component,1,0,2016-02-10 14:42:42.000,15-095,7E039571-3137-40DD-BBC9-83D88670DB21,NULL,9F7CA9B1-A5AD-4DF1-A663-8A969B861D6E,9F7CA9B1-A5AD-4DF1-A663-8A969B861D6E,66F449C6-91D5-4AB8-B0EC-9E119426A51D
15-095,15-095_MAN,NULL,Component,1,0,2016-02-10 14:42:42.000,15-095,0DDB1398-1F2F-4D4A-9936-0C241E07D7CD,NULL,9F7CA9B1-A5AD-4DF1-A663-8A969B861D6E,9F7CA9B1-A5AD-4DF1-A663-8A969B861D6E,AAF66522-DDD4-453C-924F-34D2BEC985A0
15-095,15-095_TOP,NULL,Component,1,0,2016-02-10 14:42:42.000,15-095,E9DBDC0F-C10A-4874-81BF-1C36B2CD1B40,NULL,9F7CA9B1-A5AD-4DF1-A663-8A969B861D6E,9F7CA9B1-A5AD-4DF1-A663-8A969B861D6E,FCCE8BFE-5846-4AB8-9CEC-43C8BDD63563
15-095_MAN,15-095_PRE,NULL,Component,1,0,2016-02-10 14:42:42.000,15-095,75C48AD4-0C66-4D5E-9B69-8DB7FB59C4B6,NULL,9F7CA9B1-A5AD-4DF1-A663-8A969B861D6E,AAF66522-DDD4-453C-924F-34D2BEC985A0,95F1E8FB-3289-41EC-9552-9FDBE5B51AC8
15-095_PRE,15-095_ADM,NULL,Component,1,0,2016-02-10 14:42:42.000,15-095,518205D9-CDE6-4E17-B2E5-5D05C3878CA1,NULL,9F7CA9B1-A5AD-4DF1-A663-8A969B861D6E,95F1E8FB-3289-41EC-9552-9FDBE5B51AC8,F3D6E2E4-B565-4A92-B2EF-168CD77913CE
15-096,15-096_BTM,NULL,Component,1,0,2016-04-26 17:46:35.000,15-096,99AAFA4A-1A0F-4674-9810-D586CBA6D14F,NULL,E112F1F6-22CD-46BE-9DD2-7A67D8B82770,E112F1F6-22CD-46BE-9DD2-7A67D8B82770,15184725-42E7-4055-96CF-D68218CF6A86
15-096,15-096_MAN,NULL,Component,1,0,2016-04-26 17:46:35.000,15-096,FA6AA275-2102-4206-AEE0-B69D51963B9D,NULL,E112F1F6-22CD-46BE-9DD2-7A67D8B82770,E112F1F6-22CD-46BE-9DD2-7A67D8B82770,5382B549-9F89-4868-8910-90763D94E6CC
15-096,15-096_TOP,NULL,Component,1,0,2016-04-26 17:46:35.000,15-096,66CB3073-FF7B-4D16-BAA9-04BECB6F5EFC,NULL,E112F1F6-22CD-46BE-9DD2-7A67D8B82770,E112F1F6-22CD-46BE-9DD2-7A67D8B82770,FAA5AF3C-3D49-42E1-B76E-8F13C3B5AE30
15-096_MAN,15-096_PRE,NULL,Component,1,0,2016-04-26 17:46:35.000,15-096,852CCA3A-DA2C-4ED3-802F-A6FC79279E20,NULL,E112F1F6-22CD-46BE-9DD2-7A67D8B82770,5382B549-9F89-4868-8910-90763D94E6CC,93D2ADAC-284B-4648-AC42-797A1FF35C72
15-099,15-099_BTM,2086,Component,1,0,2016-02-15 09:25:20.000,15-099,DC150F8B-9A17-425F-8F8B-5769D269FE19,48997368-5D3F-48EC-B790-5D6B9F4F5309,C4421843-ECA6-4671-B971-D0E4D8E42880,C4421843-ECA6-4671-B971-D0E4D8E42880,3A9723BC-5AFB-47AD-9E20-AC8A32574FF8
15-099,15-099_MAN,2086,Component,1,0,2016-02-15 09:25:20.000,15-099,7E3DC713-51E1-485A-AD35-3316A03733FF,48997368-5D3F-48EC-B790-5D6B9F4F5309,C4421843-ECA6-4671-B971-D0E4D8E42880,C4421843-ECA6-4671-B971-D0E4D8E42880,16209969-9982-419F-9F90-2775B8DC290F
15-099,15-099_TOP,2086,Component,1,0,2016-02-15 09:25:20.000,15-099,AF25A55D-73BE-4576-9BD6-DD2AFCE77DD7,48997368-5D3F-48EC-B790-5D6B9F4F5309,C4421843-ECA6-4671-B971-D0E4D8E42880,C4421843-ECA6-4671-B971-D0E4D8E42880,D23EC77C-F9F9-4773-9D96-D5107748FB7D
15-099_MAN,15-099_PRE,2110,Component,1,0,2016-02-15 09:25:20.000,15-099,A9D25340-D29F-47AB-B2D2-BAC643DD4BBF,B4F49444-F6D9-480D-94AA-2A489A893D57,C4421843-ECA6-4671-B971-D0E4D8E42880,16209969-9982-419F-9F90-2775B8DC290F,0514692A-28F5-4CAB-8231-C211080EDA1C
15-100,15-100_BTM,NULL,Component,1,0,2016-02-15 09:28:59.000,15-100,A7BD7C6A-0376-4BD6-AFD2-F0DC2D3CFBA1,NULL,D2D5A03A-5DEA-40A2-A3E1-CA404111730E,D2D5A03A-5DEA-40A2-A3E1-CA404111730E,566F9DFA-EFA8-43D7-BE55-928CBF64A8CB
15-100,15-100_MAN,NULL,Component,1,0,2016-02-15 09:28:59.000,15-100,8F17FB8F-EFF5-4310-B741-9CCC0FAF4DDD,NULL,D2D5A03A-5DEA-40A2-A3E1-CA404111730E,D2D5A03A-5DEA-40A2-A3E1-CA404111730E,A8307085-D126-417B-BB20-4167C1A7E451
15-100_MAN,15-100_PRE,NULL,Component,1,0,2016-02-15 09:28:59.000,15-100,97EBDF03-2674-48C8-8CD9-A46BB88A0492,NULL,D2D5A03A-5DEA-40A2-A3E1-CA404111730E,A8307085-D126-417B-BB20-4167C1A7E451,6D9A6BDD-035C-4F71-9536-1DF98E8CB4FF
15-104,15-104_BTM,NULL,Component,1,0,2015-10-19 13:47:28.000,15-104,D1F01A29-3A9C-4AFD-88BA-456CF9B31F0A,NULL,C290D8B3-3F6F-487E-9D80-20FF20295779,C290D8B3-3F6F-487E-9D80-20FF20295779,8B619332-709E-4825-9615-11A8935B6A08
15-104,15-104_MAN,NULL,Component,1,0,2015-10-19 13:47:28.000,15-104,7DCEFD6D-7965-4687-8469-F7770EF47C3B,NULL,C290D8B3-3F6F-487E-9D80-20FF20295779,C290D8B3-3F6F-487E-9D80-20FF20295779,4EF842CC-6E20-402B-AE9E-05FD7C1C83F1
15-104,15-104_TOP,NULL,Component,1,0,2015-10-19 13:47:28.000,15-104,ACD3A64B-1938-465F-8DDA-5B22105A7CCE,NULL,C290D8B3-3F6F-487E-9D80-20FF20295779,C290D8B3-3F6F-487E-9D80-20FF20295779,86EE18B9-2EF7-436E-B5FF-9840B20DF715
15-104_MAN,15-104_PRE,NULL,Component,1,0,2015-10-19 13:47:28.000,15-104,E722CBE5-85C9-49E8-9149-625DBD9B7485,NULL,C290D8B3-3F6F-487E-9D80-20FF20295779,4EF842CC-6E20-402B-AE9E-05FD7C1C83F1,70016013-7124-4F16-8661-2ADA432BE629
15-104_PRE,15-104_ADM,NULL,Component,1,0,2015-10-19 13:47:28.000,15-104,605FF80F-7E4C-43F4-8DE3-E6BEEDE1EE23,NULL,C290D8B3-3F6F-487E-9D80-20FF20295779,70016013-7124-4F16-8661-2ADA432BE629,5AE9AA15-D944-4821-9AF2-A745C0786E39
15-106,15-106_BTM,2833,Component,1,0,2016-04-25 18:43:12.000,15-106,A8FEB342-2623-430D-8DFB-64811A01BB47,0ECF089A-48C4-41AF-B35F-A4FD8F077960,ADC1F3D4-1DF3-4902-8C08-DCBC460FE383,ADC1F3D4-1DF3-4902-8C08-DCBC460FE383,1BD73CD3-E32C-45FB-A997-EA79F3ACCD72
15-106,15-106_MAN,2833,Component,1,0,2016-04-25 18:43:12.000,15-106,77E1B273-2195-4C2D-9712-9E89B682A6EF,0ECF089A-48C4-41AF-B35F-A4FD8F077960,ADC1F3D4-1DF3-4902-8C08-DCBC460FE383,ADC1F3D4-1DF3-4902-8C08-DCBC460FE383,0281F502-A329-4FF8-9CC1-F7CA1C78CC88
15-106,15-106_TOP,2833,Component,1,0,2016-04-25 18:43:12.000,15-106,F3E63A21-885C-41F3-8A65-996C1B6B3A6A,0ECF089A-48C4-41AF-B35F-A4FD8F077960,ADC1F3D4-1DF3-4902-8C08-DCBC460FE383,ADC1F3D4-1DF3-4902-8C08-DCBC460FE383,C7A5E2F5-B420-4658-A8EB-69F4D43A71AB
15-106_MAN,15-106_PRE,2857,Component,1,0,2016-04-25 18:43:12.000,15-106,B133E40F-A20A-41A1-AD40-1E05DEA8C3DD,77F7ABCE-4D3D-4416-8728-C147555D8AD0,ADC1F3D4-1DF3-4902-8C08-DCBC460FE383,0281F502-A329-4FF8-9CC1-F7CA1C78CC88,3CC00659-EB3E-4581-8EEC-D12C53E97996
15-107,15-107_BTM,2727,Component,1,0,2016-04-25 18:43:12.000,15-107,27CE4E05-E851-4C8A-8C0C-1DD04230B40D,FFE6582C-C71F-43DA-ADDA-F4D8B62E6E8B,D322659E-32F3-40F3-BE04-58EE11D903AE,D322659E-32F3-40F3-BE04-58EE11D903AE,BB57D3E5-3039-4C38-863F-E3D952C39E0C
15-107,15-107_MAN,2727,Component,1,0,2016-04-25 18:43:12.000,15-107,F1D8817B-D003-4ED4-9368-B9D18BCD9A0C,FFE6582C-C71F-43DA-ADDA-F4D8B62E6E8B,D322659E-32F3-40F3-BE04-58EE11D903AE,D322659E-32F3-40F3-BE04-58EE11D903AE,C56C5BEA-3CA4-4325-BC55-BD781ED77B02
15-107,15-107_TOP,2727,Component,1,0,2016-04-25 18:43:12.000,15-107,40A4DA90-0C6D-4EBD-8FB9-0C124F201696,FFE6582C-C71F-43DA-ADDA-F4D8B62E6E8B,D322659E-32F3-40F3-BE04-58EE11D903AE,D322659E-32F3-40F3-BE04-58EE11D903AE,9AA43F76-1199-4A93-B26E-D8E482ABA811
15-107_MAN,15-107_PRE,2751,Component,1,0,2016-04-25 18:43:12.000,15-107,1D86B46B-65B1-4AF0-A58C-1E194D0F3D38,4E76FB77-A2AF-47E9-9877-501A1B6ADBD3,D322659E-32F3-40F3-BE04-58EE11D903AE,C56C5BEA-3CA4-4325-BC55-BD781ED77B02,26C8B909-DBCC-439F-AEE9-5E516FAFA225
15-109,15-109_BTM,NULL,Component,1,0,2015-09-09 16:05:46.000,15-109,61B1166A-E60C-4321-92DE-0FEEA9DD4F5C,NULL,C2A339B6-B8CB-47A1-9CA9-AA3BC1963FD3,C2A339B6-B8CB-47A1-9CA9-AA3BC1963FD3,4C510F1B-77C2-48BE-9713-4BAB363BC88A
15-109,15-109_MAN,NULL,Component,1,0,2015-09-09 16:05:46.000,15-109,E1AD4BF4-AE92-45EE-93D7-A26C4B946A23,NULL,C2A339B6-B8CB-47A1-9CA9-AA3BC1963FD3,C2A339B6-B8CB-47A1-9CA9-AA3BC1963FD3,B7C1D6E8-0F58-4FC6-B33A-5A4EA83F353F
15-109,15-109_TOP,NULL,Component,1,0,2015-09-09 16:05:45.000,15-109,660AC968-ABB5-4C60-9DDC-100747AEB5EB,NULL,C2A339B6-B8CB-47A1-9CA9-AA3BC1963FD3,C2A339B6-B8CB-47A1-9CA9-AA3BC1963FD3,4F8363E0-07C6-4AE2-8A8E-E0A052840678
15-109_MAN,15-109_PRE,NULL,Component,1,0,2015-09-09 16:05:46.000,15-109,52A01A33-AF2E-4EA7-9EA4-09EDB78394DF,NULL,C2A339B6-B8CB-47A1-9CA9-AA3BC1963FD3,B7C1D6E8-0F58-4FC6-B33A-5A4EA83F353F,35B3EEF1-3D03-4790-872A-0EA9A6AE8113
15-110,15-110_BTM,2954,Component,1,0,2016-05-02 10:12:52.000,15-110,DFB00A46-25CE-4C52-8F96-DB8E3BF5FEF1,EC98D45C-2C0A-4B8E-8F5F-EE2394E73993,04F61110-04BF-4C93-98B8-3423FBF77B82,04F61110-04BF-4C93-98B8-3423FBF77B82,57938AEB-5F84-45E8-86A4-0B3DEB54E32D
15-110,15-110_MAN,2954,Component,1,0,2016-05-02 10:12:52.000,15-110,05A5F602-22DE-4EC7-8AF6-480C2493CE9E,EC98D45C-2C0A-4B8E-8F5F-EE2394E73993,04F61110-04BF-4C93-98B8-3423FBF77B82,04F61110-04BF-4C93-98B8-3423FBF77B82,9BE317AB-8CBE-4731-8DBF-CD498CB23700
15-110,15-110_TOP,2954,Component,1,0,2016-05-02 10:12:52.000,15-110,61DBAF74-2F3B-47B9-87C1-A74FB88B1B60,EC98D45C-2C0A-4B8E-8F5F-EE2394E73993,04F61110-04BF-4C93-98B8-3423FBF77B82,04F61110-04BF-4C93-98B8-3423FBF77B82,754E0D31-95EE-4020-A744-41772F1C1D8B
15-110_MAN,15-110_PRE,2978,Component,1,0,2016-05-02 10:12:52.000,15-110,521BCF42-B8A1-4C6C-98D8-5E5C28C4F1A2,E63C00D8-759B-417E-8C61-7FEAD83E064D,04F61110-04BF-4C93-98B8-3423FBF77B82,9BE317AB-8CBE-4731-8DBF-CD498CB23700,C2C1D010-B6A8-43A0-B4B0-E00D20C27FB9
15-111,15-111_BTM,NULL,Component,1,0,2016-05-02 10:15:48.000,15-111,594B9DA9-D32C-4C50-B64E-48803821C406,NULL,9789B66B-6033-45BC-8449-228529B6BCBD,9789B66B-6033-45BC-8449-228529B6BCBD,38239190-992B-4392-AA18-DF644E7A152A
15-111,15-111_MAN,NULL,Component,1,0,2016-05-02 10:15:48.000,15-111,97D8C57B-6961-4E8E-B0DB-8147B13659C1,NULL,9789B66B-6033-45BC-8449-228529B6BCBD,9789B66B-6033-45BC-8449-228529B6BCBD,79CBA9BA-07CE-472B-AF21-38BFC44576BD
15-111,15-111_TOP,NULL,Component,1,0,2016-05-02 10:15:48.000,15-111,266EE662-1FC7-4820-9F90-B6D2E4B7ACD8,NULL,9789B66B-6033-45BC-8449-228529B6BCBD,9789B66B-6033-45BC-8449-228529B6BCBD,682EA909-BE04-401E-A09E-1251A3094327
15-111_MAN,15-111_PRE,NULL,Component,1,0,2016-05-02 10:15:48.000,15-111,3F55DD73-1A6D-4FC3-B854-EFAF414AD9B8,NULL,9789B66B-6033-45BC-8449-228529B6BCBD,79CBA9BA-07CE-472B-AF21-38BFC44576BD,613E42EC-FD74-4F60-9AA6-58DCFC223D10
15-112,15-112_BTM,NULL,Component,1,0,2016-05-02 08:20:27.000,15-112,FF6B6E38-3E24-482D-A68A-BB7144E132E9,NULL,FF2EEA99-C599-4D41-9854-D63A84FF73A0,FF2EEA99-C599-4D41-9854-D63A84FF73A0,8B5151F9-CE52-4F2B-AF2C-FBB958BC1AB4
15-112,15-112_MAN,NULL,Component,1,0,2016-05-02 08:20:27.000,15-112,5BE9F7E2-10CC-4B3F-8BA7-9977209778B4,NULL,FF2EEA99-C599-4D41-9854-D63A84FF73A0,FF2EEA99-C599-4D41-9854-D63A84FF73A0,25C0AF61-AEE5-4933-B491-E216E9B8A7C4
15-112,15-112_TOP,NULL,Component,1,0,2016-05-02 08:20:27.000,15-112,ECFB0E77-05E7-4B89-A5BD-9B035F7344EF,NULL,FF2EEA99-C599-4D41-9854-D63A84FF73A0,FF2EEA99-C599-4D41-9854-D63A84FF73A0,E8712F4A-AB98-44C9-9B22-FF60CEB8141C
15-112_MAN,15-112_PRE,NULL,Component,1,0,2016-05-02 08:20:27.000,15-112,3AC8DB63-BCB3-4645-9B8B-53024E67BFE4,NULL,FF2EEA99-C599-4D41-9854-D63A84FF73A0,25C0AF61-AEE5-4933-B491-E216E9B8A7C4,00347B06-816A-4BBB-97E2-5C2AFB9E43BE
15-118,15-118_MAN,NULL,Component,1,0,2016-02-18 07:11:14.000,15-118,E7FF4467-A498-4425-ACE0-1B81A26860F7,NULL,B40BC549-4421-4E0E-AEDA-36B3E379B9D6,B40BC549-4421-4E0E-AEDA-36B3E379B9D6,3FA67BC2-8E2E-46C9-8830-AB17BCF20B85
15-118,15-118_TOP,NULL,Component,1,0,2016-02-18 07:11:14.000,15-118,AE59E831-5788-4610-9F4F-FF96E0243DF4,NULL,B40BC549-4421-4E0E-AEDA-36B3E379B9D6,B40BC549-4421-4E0E-AEDA-36B3E379B9D6,1AEE09A6-3AD2-43EF-823A-1FCE8911A45F
15-118_MAN,15-118_PRE,NULL,Component,1,0,2016-02-18 07:11:14.000,15-118,82436CCE-57A7-41EB-AE76-4F5FBEF209FF,NULL,B40BC549-4421-4E0E-AEDA-36B3E379B9D6,3FA67BC2-8E2E-46C9-8830-AB17BCF20B85,04253C8B-E293-4D27-9F58-08A39DE0CD87
