25-117,NULL,SHERRI,Active,2025-11-11 10:48:15.000,2026-03-25 13:22:02.000
25-118,NULL,SHERRI,Active,2025-11-11 10:54:34.000,2026-03-25 13:22:02.000
26-030,NULL,NICK,Active,2026-03-20 12:33:09.000,2026-03-25 13:14:33.000
26-031,NULL,NICK,Active,2026-03-24 08:53:53.000,2026-03-25 13:05:56.000
25-068,NULL,SHERRI,Active,2025-06-16 16:24:55.000,2026-03-25 13:01:37.000
25-092,NULL,SHERRI,Active,2025-09-15 12:25:37.000,2026-03-25 13:01:37.000
25-066,NULL,SHERRI,Complete,2026-03-17 11:15:20.000,2026-03-25 13:01:37.000
25-067,NULL,SHERRI,Complete,2026-03-17 11:20:26.000,2026-03-25 13:01:37.000
OH-26,NULL,SHERRI,Active,2026-01-02 13:21:37.000,2026-03-25 10:44:00.000
25-099,NULL,SHERRI,Active,2025-10-08 16:45:53.000,2026-03-25 10:42:47.000
26-033,NULL,SHERRI,Active,2026-03-25 10:09:04.000,2026-03-25 10:17:18.000
26-032,NULL,SHERRI,Active,2026-03-25 09:58:50.000,2026-03-25 10:08:16.000
25-070,NULL,SCOTT,Active,2025-06-16 16:50:20.000,2026-03-25 08:29:13.000
25-069,NULL,SCOTT,Active,2025-06-16 16:48:17.000,2026-03-25 08:29:13.000
25-101,NULL,SCOTT,Active,2025-10-27 14:59:28.000,2026-03-25 08:26:20.000
25-093,NULL,SCOTT,Active,2025-09-15 12:29:47.000,2026-03-25 08:25:58.000
25-013,NULL,SCOTT,Active,2025-01-29 12:49:40.000,2026-03-25 08:06:56.000
25-071,NULL,SCOTT,Active,2025-06-16 16:52:43.000,2026-03-25 08:05:07.000
24-046,NULL,SCOTT,Active,2024-08-23 08:53:23.000,2026-03-25 07:36:00.000
25-124,NULL,SHERRI,Active,2025-12-15 14:54:25.000,2026-03-24 14:55:55.000
25-040,NULL,SCOTT,Active,2025-03-05 11:23:44.000,2026-03-24 07:50:16.000
24-064,NULL,SHERRI,Complete,2025-10-22 11:47:26.000,2026-03-22 13:50:20.000
25-052,NULL,SHERRI,Complete,2025-12-28 17:39:02.000,2026-03-22 13:47:52.000
25-018,NULL,SHERRI,Complete,2026-03-10 15:22:30.000,2026-03-22 13:47:52.000
25-106,NULL,SHERRI,Active,2025-11-04 09:20:17.000,2026-03-22 13:47:01.000
25-007,NULL,SHERRI,Complete,2025-10-14 15:14:58.000,2026-03-22 13:47:00.000
25-144,NULL,SCOTT,Active,2026-01-13 16:36:45.000,2026-03-21 08:24:01.000
25-136,NULL,SCOTT,Active,2026-01-13 16:32:12.000,2026-03-21 08:24:01.000
25-135,NULL,SCOTT,Active,2026-01-13 16:31:42.000,2026-03-21 08:17:26.000
25-149,NULL,SCOTT,Active,2026-01-13 16:39:34.000,2026-03-21 08:16:01.000
25-164,NULL,SCOTT,Active,2026-01-13 16:51:16.000,2026-03-21 08:16:01.000
25-145,NULL,SCOTT,Active,2026-01-13 16:37:18.000,2026-03-21 08:09:12.000
25-130,NULL,SCOTT,Active,2026-01-13 16:27:39.000,2026-03-21 08:09:12.000
25-171,NULL,SCOTT,Active,2026-01-14 08:01:12.000,2026-03-21 08:06:42.000
25-172,NULL,SCOTT,Active,2026-01-14 08:01:48.000,2026-03-21 08:06:42.000
25-173,NULL,SCOTT,Active,2026-01-14 08:02:22.000,2026-03-21 08:06:42.000
25-165,NULL,SCOTT,Active,2026-01-13 16:51:47.000,2026-03-21 08:06:41.000
25-166,NULL,SCOTT,Active,2026-01-13 16:52:16.000,2026-03-21 08:06:41.000
25-167,NULL,SCOTT,Active,2026-01-13 16:52:48.000,2026-03-21 08:06:41.000
25-168,NULL,SCOTT,Active,2026-01-14 07:54:51.000,2026-03-21 08:06:41.000
25-169,NULL,SCOTT,Active,2026-01-14 07:59:02.000,2026-03-21 08:06:41.000
25-170,NULL,SCOTT,Active,2026-01-14 08:00:28.000,2026-03-21 08:06:41.000
25-154,NULL,SCOTT,Active,2026-01-13 16:41:59.000,2026-03-21 08:01:46.000
25-174,NULL,SCOTT,Active,2026-01-14 08:03:01.000,2026-03-21 07:56:08.000
25-155,NULL,SCOTT,Active,2026-01-13 16:42:29.000,2026-03-21 07:53:11.000
25-156,NULL,SCOTT,Active,2026-01-13 16:42:58.000,2026-03-21 07:53:11.000
25-150,NULL,SCOTT,Active,2026-01-13 16:40:06.000,2026-03-21 07:50:22.000
25-125,NULL,SCOTT,Active,2026-01-13 15:51:46.000,2026-03-21 07:42:39.000
26-025,NULL,NICK,Active,2026-03-18 10:42:40.000,2026-03-20 12:34:56.000
26-029,NULL,SHERRI,Active,2026-03-20 12:29:14.000,2026-03-20 12:32:29.000
26-028,NULL,SHERRI,Active,2026-03-20 12:23:50.000,2026-03-20 12:25:32.000
26-027,NULL,SHERRI,Active,2026-03-20 12:20:11.000,2026-03-20 12:23:04.000
26-006,NULL,NICK,Active,2026-01-19 15:40:36.000,2026-03-20 11:57:49.000
26-005,NULL,NICK,Active,2026-01-19 15:36:05.000,2026-03-20 11:57:49.000
26-020,NULL,NICK,Active,2026-02-09 14:41:07.000,2026-03-20 11:56:51.000
26-021,NULL,NICK,Active,2026-02-09 14:45:48.000,2026-03-20 11:56:51.000
25-131,NULL,SCOTT,Active,2026-01-13 16:28:38.000,2026-03-20 08:19:50.000
25-147,NULL,SCOTT,Active,2026-01-13 16:38:22.000,2026-03-20 08:19:50.000
25-141,NULL,SCOTT,Active,2026-01-13 16:35:11.000,2026-03-20 08:19:49.000
25-083,NULL,SCOTT,Active,2025-07-22 10:53:28.000,2026-03-20 08:17:20.000
25-139,NULL,SCOTT,Active,2026-01-13 16:33:55.000,2026-03-20 08:13:19.000
25-138,NULL,SCOTT,Active,2026-01-13 16:33:23.000,2026-03-20 08:13:18.000
25-126,NULL,SCOTT,Active,2026-01-13 16:23:21.000,2026-03-20 08:13:18.000
25-129,NULL,SCOTT,Active,2026-01-13 16:26:48.000,2026-03-20 08:13:18.000
25-177,NULL,SCOTT,Active,2026-01-14 08:04:45.000,2026-03-20 07:47:08.000
25-178,NULL,SCOTT,Active,2026-01-14 08:05:19.000,2026-03-20 07:47:08.000
25-179,NULL,SCOTT,Active,2026-01-14 08:06:34.000,2026-03-20 07:47:08.000
25-180,NULL,SCOTT,Active,2026-01-14 08:07:10.000,2026-03-20 07:47:08.000
25-181,NULL,SCOTT,Active,2026-01-14 08:07:44.000,2026-03-20 07:47:08.000
25-148,NULL,SCOTT,Active,2026-01-13 16:38:56.000,2026-03-20 07:41:53.000
25-152,NULL,SCOTT,Active,2026-01-13 16:41:03.000,2026-03-20 07:39:08.000
25-153,NULL,SCOTT,Active,2026-01-13 16:41:33.000,2026-03-20 07:39:08.000
25-175,NULL,SCOTT,Active,2026-01-14 08:03:34.000,2026-03-20 07:39:07.000
25-176,NULL,SCOTT,Active,2026-01-14 08:04:07.000,2026-03-20 07:39:07.000
25-127,NULL,SCOTT,Active,2026-01-13 16:24:59.000,2026-03-20 07:34:29.000
25-143,NULL,SCOTT,Active,2026-01-13 16:36:11.000,2026-03-20 07:34:29.000
25-142,NULL,SCOTT,Active,2026-01-13 16:35:39.000,2026-03-20 07:34:28.000
26-017,NULL,SHERRI,Active,2026-01-20 11:46:37.000,2026-03-19 15:24:24.000
26-018,NULL,SHERRI,Active,2026-01-20 11:49:45.000,2026-03-19 15:24:24.000
25-025,NULL,SHERRI,Complete,2025-09-04 08:11:43.000,2026-03-19 15:15:43.000
25-026,NULL,SHERRI,Complete,2025-09-04 08:15:19.000,2026-03-19 15:15:43.000
25-031,NULL,SHERRI,Complete,2025-10-27 17:15:54.000,2026-03-19 15:15:43.000
25-032,NULL,SHERRI,Complete,2025-10-27 17:19:52.000,2026-03-19 15:15:43.000
25-037,NULL,SHERRI,Complete,2025-09-04 08:21:32.000,2026-03-19 15:15:43.000
25-027,NULL,SHERRI,Complete,2025-10-02 08:18:51.000,2026-03-19 15:00:17.000
25-028,NULL,SHERRI,Complete,2025-10-02 08:22:40.000,2026-03-19 15:00:17.000
25-029,NULL,SHERRI,Complete,2025-09-30 08:35:23.000,2026-03-19 15:00:17.000
25-089,NULL,SHERRI,Complete,2026-03-05 10:58:00.000,2026-03-19 14:46:30.000
25-055,NULL,SHERRI,Active,2025-06-12 14:24:46.000,2026-03-19 11:54:08.000
25-102,NULL,SHERRI,Active,2025-11-03 16:45:19.000,2026-03-19 11:53:15.000
25-010,NULL,SHERRI,Complete,2026-02-19 15:53:46.000,2026-03-19 11:43:31.000
25-016,NULL,SHERRI,Complete,2026-02-19 15:53:58.000,2026-03-19 11:43:31.000
25-019,NULL,SHERRI,Complete,2026-02-19 15:54:09.000,2026-03-19 11:43:31.000
25-011,NULL,SHERRI,Complete,2026-02-04 09:40:40.000,2026-03-19 11:41:53.000
26-015,NULL,SHERRI,Active,2026-01-20 11:39:06.000,2026-03-19 11:38:52.000
25-107,NULL,SHERRI,Active,2025-11-05 08:11:08.000,2026-03-19 11:36:20.000
25-108,NULL,SHERRI,Active,2025-11-05 08:14:17.000,2026-03-19 11:36:20.000
25-103,NULL,SHERRI,Active,2025-11-04 09:06:21.000,2026-03-19 10:41:46.000
25-104,NULL,SHERRI,Active,2025-11-04 09:09:17.000,2026-03-19 10:41:46.000
25-115,NULL,SHERRI,Active,2025-11-05 09:38:00.000,2026-03-19 08:31:29.000
25-113,NULL,SHERRI,Active,2025-11-05 09:33:04.000,2026-03-19 08:31:13.000
25-112,NULL,SHERRI,Active,2025-11-05 09:30:14.000,2026-03-19 08:30:56.000
25-111,NULL,SHERRI,Active,2025-11-05 09:27:30.000,2026-03-19 08:30:36.000
25-110,NULL,SHERRI,Active,2025-11-05 09:24:37.000,2026-03-19 08:30:20.000
25-109,NULL,SHERRI,Active,2025-11-05 08:17:08.000,2026-03-19 08:29:54.000
25-159,NULL,SCOTT,Active,2026-01-13 16:44:31.000,2026-03-19 07:41:47.000
25-151,NULL,SCOTT,Active,2026-01-13 16:40:34.000,2026-03-19 07:09:24.000
25-105,NULL,SHERRI,Active,2025-11-04 09:17:46.000,2026-03-18 16:39:50.000
26-026,NULL,NICK,Active,2026-03-18 10:46:11.000,2026-03-18 16:31:36.000
25-132,NULL,APRIL,Active,2026-01-13 16:29:23.000,2026-03-18 16:30:06.000
26-022,NULL,SHERRI,Active,2026-02-17 10:32:25.000,2026-03-18 12:57:26.000
25-357,NULL,SHERRI,Active,2026-01-14 13:05:40.000,2026-03-18 12:50:58.000
25-358,NULL,SHERRI,Active,2026-01-14 13:08:40.000,2026-03-18 12:50:58.000
25-074,NULL,SHERRI,Complete,2025-12-17 09:58:06.000,2026-03-18 12:45:44.000
26-023,NULL,SHERRI,Active,2026-03-05 09:53:53.000,2026-03-18 11:18:09.000
25-123,NULL,SHERRI,Active,2025-12-15 14:48:39.000,2026-03-17 11:22:35.000
25-182,NULL,SCOTT,Active,2026-01-14 08:09:09.000,2026-03-17 08:20:40.000
25-183,NULL,SCOTT,Active,2026-01-14 08:09:46.000,2026-03-17 08:20:40.000
25-134,NULL,SCOTT,Active,2026-01-13 16:30:50.000,2026-03-17 08:12:35.000
25-133,NULL,SCOTT,Active,2026-01-13 16:30:13.000,2026-03-17 08:12:35.000
25-137,NULL,SCOTT,Active,2026-01-13 16:32:48.000,2026-03-17 08:03:42.000
25-146,NULL,SCOTT,Active,2026-01-13 16:37:53.000,2026-03-17 08:03:42.000
25-140,NULL,SCOTT,Active,2026-01-13 16:34:26.000,2026-03-17 08:03:42.000
25-128,NULL,SCOTT,Complete,2026-03-16 14:06:17.000,2026-03-17 08:03:42.000
25-213,NULL,SCOTT,Active,2026-01-14 08:32:46.000,2026-03-17 07:39:45.000
25-204,NULL,SCOTT,Active,2026-01-14 08:21:39.000,2026-03-17 07:39:44.000
25-205,NULL,SCOTT,Active,2026-01-14 08:22:13.000,2026-03-17 07:39:44.000
25-206,NULL,SCOTT,Active,2026-01-14 08:22:52.000,2026-03-17 07:39:44.000
25-207,NULL,SCOTT,Active,2026-01-14 08:23:27.000,2026-03-17 07:39:44.000
25-208,NULL,SCOTT,Active,2026-01-14 08:23:59.000,2026-03-17 07:39:44.000
25-209,NULL,SCOTT,Active,2026-01-14 08:24:45.000,2026-03-17 07:39:44.000
25-210,NULL,SCOTT,Active,2026-01-14 08:25:48.000,2026-03-17 07:39:44.000
25-211,NULL,SCOTT,Active,2026-01-14 08:26:18.000,2026-03-17 07:39:44.000
25-212,NULL,SCOTT,Active,2026-01-14 08:32:01.000,2026-03-17 07:39:44.000
25-160,NULL,SCOTT,Active,2026-01-13 16:45:00.000,2026-03-14 07:05:25.000
25-161,NULL,SCOTT,Active,2026-01-13 16:48:16.000,2026-03-14 07:05:25.000
25-162,NULL,SCOTT,Active,2026-01-13 16:48:47.000,2026-03-14 07:05:25.000
25-163,NULL,SCOTT,Active,2026-01-13 16:50:02.000,2026-03-14 07:05:25.000
25-202,NULL,SCOTT,Active,2026-01-14 08:20:39.000,2026-03-14 07:01:09.000
25-203,NULL,SCOTT,Active,2026-01-14 08:21:09.000,2026-03-14 07:01:09.000
25-356,NULL,SHERRI,Active,2026-01-14 12:54:18.000,2026-03-13 09:14:04.000
25-157,NULL,SCOTT,Active,2026-01-13 16:43:29.000,2026-03-13 07:27:21.000
25-158,NULL,SCOTT,Active,2026-01-13 16:44:00.000,2026-03-13 07:27:21.000
25-193,NULL,SCOTT,Active,2026-01-14 08:15:33.000,2026-03-13 07:23:38.000
25-194,NULL,SCOTT,Active,2026-01-14 08:16:02.000,2026-03-13 07:23:38.000
25-195,NULL,SCOTT,Active,2026-01-14 08:16:34.000,2026-03-13 07:23:38.000
25-196,NULL,SCOTT,Active,2026-01-14 08:17:11.000,2026-03-13 07:23:38.000
25-197,NULL,SCOTT,Active,2026-01-14 08:17:39.000,2026-03-13 07:23:38.000
25-198,NULL,SCOTT,Active,2026-01-14 08:18:11.000,2026-03-13 07:23:38.000
25-199,NULL,SCOTT,Active,2026-01-14 08:18:44.000,2026-03-13 07:23:38.000
25-200,NULL,SCOTT,Active,2026-01-14 08:19:16.000,2026-03-13 07:23:38.000
25-201,NULL,SCOTT,Active,2026-01-14 08:19:58.000,2026-03-13 07:23:38.000
25-192,NULL,SCOTT,Active,2026-01-14 08:15:02.000,2026-03-13 07:23:37.000
25-023,NULL,DAVID,Complete,2025-05-27 08:18:55.000,2026-03-12 15:32:33.000
26-024,NULL,SHERRI,Active,2026-03-05 09:55:23.000,2026-03-12 11:05:25.000
25-185,NULL,SCOTT,Active,2026-01-14 08:10:51.000,2026-03-12 07:14:24.000
25-186,NULL,SCOTT,Active,2026-01-14 08:11:28.000,2026-03-12 07:14:24.000
25-187,NULL,SCOTT,Active,2026-01-14 08:11:59.000,2026-03-12 07:14:24.000
25-188,NULL,SCOTT,Active,2026-01-14 08:12:30.000,2026-03-12 07:14:24.000
25-189,NULL,SCOTT,Active,2026-01-14 08:13:13.000,2026-03-12 07:14:24.000
25-190,NULL,SCOTT,Active,2026-01-14 08:13:55.000,2026-03-12 07:14:24.000
25-191,NULL,SCOTT,Active,2026-01-14 08:14:27.000,2026-03-12 07:14:24.000
25-184,NULL,SCOTT,Active,2026-01-14 08:10:19.000,2026-03-12 07:14:23.000
25-084,NULL,SHERRI,Active,2025-07-22 11:06:08.000,2026-03-11 10:12:13.000
25-017,NULL,SHERRI,Complete,2026-01-20 15:27:34.000,2026-03-11 10:03:27.000
25-094,NULL,SHERRI,Complete,2026-01-20 15:28:09.000,2026-03-11 10:03:27.000
25-344,NULL,SCOTT,Active,2026-01-14 10:57:37.000,2026-03-09 06:27:33.000
25-345,NULL,SCOTT,Active,2026-01-14 10:58:16.000,2026-03-09 06:27:33.000
25-346,NULL,SCOTT,Active,2026-01-14 10:58:46.000,2026-03-09 06:27:33.000
25-021,NULL,SHERRI,Complete,2026-02-19 15:27:13.000,2026-03-06 12:03:04.000
25-020,NULL,SHERRI,Complete,2026-02-04 10:45:37.000,2026-03-05 15:59:38.000
25-116,NULL,SHERRI,Active,2025-11-06 09:16:13.000,2026-03-05 11:36:51.000
26-016,NULL,SHERRI,Active,2026-01-20 11:42:24.000,2026-03-05 11:34:13.000
25-012,NULL,SCOTT,Active,2025-01-29 12:44:51.000,2026-03-04 07:48:12.000
25-340,NULL,SCOTT,Active,2026-01-14 10:55:18.000,2026-03-04 07:18:37.000
25-341,NULL,SCOTT,Active,2026-01-14 10:55:56.000,2026-03-04 07:18:37.000
25-342,NULL,SCOTT,Active,2026-01-14 10:56:26.000,2026-03-04 07:18:37.000
25-343,NULL,SCOTT,Active,2026-01-14 10:56:58.000,2026-03-04 07:18:37.000
25-339,NULL,SCOTT,Active,2026-01-14 10:54:48.000,2026-03-03 07:40:30.000
25-330,NULL,SCOTT,Active,2026-01-14 10:49:25.000,2026-03-03 07:40:29.000
25-331,NULL,SCOTT,Active,2026-01-14 10:49:58.000,2026-03-03 07:40:29.000
25-332,NULL,SCOTT,Active,2026-01-14 10:50:26.000,2026-03-03 07:40:29.000
25-333,NULL,SCOTT,Active,2026-01-14 10:51:32.000,2026-03-03 07:40:29.000
25-334,NULL,SCOTT,Active,2026-01-14 10:52:10.000,2026-03-03 07:40:29.000
25-335,NULL,SCOTT,Active,2026-01-14 10:52:39.000,2026-03-03 07:40:29.000
25-336,NULL,SCOTT,Active,2026-01-14 10:53:07.000,2026-03-03 07:40:29.000
25-337,NULL,SCOTT,Active,2026-01-14 10:53:40.000,2026-03-03 07:40:29.000
25-338,NULL,SCOTT,Active,2026-01-14 10:54:15.000,2026-03-03 07:40:29.000
25-272,NULL,BOB,Active,2026-01-14 09:22:46.000,2026-03-02 14:23:28.000
25-271,NULL,BOB,Active,2026-01-14 09:22:11.000,2026-03-02 14:22:58.000
25-270,NULL,BOB,Active,2026-01-14 09:21:39.000,2026-03-02 14:22:28.000
25-269,NULL,BOB,Active,2026-01-14 09:21:05.000,2026-03-02 14:21:29.000
25-268,NULL,BOB,Active,2026-01-14 09:20:34.000,2026-03-02 14:20:57.000
25-267,NULL,BOB,Active,2026-01-14 09:20:04.000,2026-03-02 14:20:19.000
25-266,NULL,BOB,Active,2026-01-14 09:19:23.000,2026-03-02 14:19:42.000
25-265,NULL,BOB,Active,2026-01-14 09:18:47.000,2026-03-02 10:45:57.000
25-256,NULL,BOB,Active,2026-01-14 09:06:11.000,2026-03-02 10:43:52.000
25-253,NULL,BOB,Active,2026-01-14 09:02:05.000,2026-03-02 10:43:02.000
25-264,NULL,BOB,Active,2026-01-14 09:18:00.000,2026-03-02 10:38:04.000
25-263,NULL,BOB,Active,2026-01-14 09:17:25.000,2026-03-02 10:37:19.000
25-262,NULL,BOB,Active,2026-01-14 09:16:51.000,2026-03-02 10:36:41.000
25-261,NULL,BOB,Active,2026-01-14 09:16:23.000,2026-03-02 10:36:03.000
25-260,NULL,BOB,Active,2026-01-14 09:15:51.000,2026-03-02 10:35:15.000
25-259,NULL,BOB,Active,2026-01-14 09:15:17.000,2026-03-02 10:34:46.000
25-258,NULL,BOB,Active,2026-01-14 09:14:46.000,2026-03-02 10:34:13.000
25-257,NULL,BOB,Active,2026-01-14 09:06:58.000,2026-03-02 10:33:39.000
25-255,NULL,BOB,Active,2026-01-14 09:03:27.000,2026-03-02 10:32:27.000
25-254,NULL,BOB,Active,2026-01-14 09:02:44.000,2026-03-02 10:31:45.000
25-252,NULL,BOB,Active,2026-01-14 09:01:30.000,2026-03-02 10:30:31.000
25-251,NULL,BOB,Active,2026-01-14 09:00:49.000,2026-03-02 10:29:58.000
25-250,NULL,BOB,Active,2026-01-14 09:00:18.000,2026-03-02 10:29:16.000
25-249,NULL,BOB,Active,2026-01-14 08:59:43.000,2026-03-02 10:28:47.000
25-248,NULL,BOB,Active,2026-01-14 08:57:33.000,2026-03-02 10:28:12.000
25-247,NULL,BOB,Active,2026-01-14 08:56:59.000,2026-03-02 10:27:38.000
25-246,NULL,BOB,Active,2026-01-14 08:52:28.000,2026-03-02 10:27:04.000
25-245,NULL,BOB,Active,2026-01-14 08:51:56.000,2026-03-02 10:26:25.000
25-244,NULL,BOB,Active,2026-01-14 08:51:18.000,2026-03-02 10:25:47.000
25-243,NULL,BOB,Active,2026-01-14 08:50:44.000,2026-03-02 09:10:05.000
25-326,NULL,SCOTT,Active,2026-01-14 10:47:14.000,2026-03-01 06:47:50.000
25-327,NULL,SCOTT,Active,2026-01-14 10:47:43.000,2026-03-01 06:47:50.000
25-328,NULL,SCOTT,Active,2026-01-14 10:48:26.000,2026-03-01 06:47:50.000
25-329,NULL,SCOTT,Active,2026-01-14 10:48:54.000,2026-03-01 06:47:50.000
25-323,NULL,SCOTT,Active,2026-01-14 10:45:39.000,2026-02-28 07:16:52.000
25-324,NULL,SCOTT,Active,2026-01-14 10:46:14.000,2026-02-28 07:16:52.000
25-325,NULL,SCOTT,Active,2026-01-14 10:46:41.000,2026-02-28 07:16:52.000
25-316,NULL,SCOTT,Active,2026-01-14 10:41:34.000,2026-02-28 07:16:51.000
25-317,NULL,SCOTT,Active,2026-01-14 10:42:11.000,2026-02-28 07:16:51.000
25-318,NULL,SCOTT,Active,2026-01-14 10:42:46.000,2026-02-28 07:16:51.000
25-319,NULL,SCOTT,Active,2026-01-14 10:43:16.000,2026-02-28 07:16:51.000
25-320,NULL,SCOTT,Active,2026-01-14 10:43:44.000,2026-02-28 07:16:51.000
25-321,NULL,SCOTT,Active,2026-01-14 10:44:18.000,2026-02-28 07:16:51.000
25-322,NULL,SCOTT,Active,2026-01-14 10:44:56.000,2026-02-28 07:16:51.000
26-019,NULL,SHERRI,Active,2026-01-28 10:03:22.000,2026-02-27 11:21:25.000
25-075,NULL,SHERRI,Complete,2025-12-02 11:18:02.000,2026-02-27 11:17:33.000
25-311,NULL,SCOTT,Active,2026-01-14 10:09:25.000,2026-02-27 08:46:06.000
25-312,NULL,SCOTT,Active,2026-01-14 10:09:55.000,2026-02-27 08:46:06.000
25-313,NULL,SCOTT,Active,2026-01-14 10:12:00.000,2026-02-27 08:46:06.000
25-314,NULL,SCOTT,Active,2026-01-14 10:32:42.000,2026-02-27 08:46:06.000
25-315,NULL,SCOTT,Active,2026-01-14 10:34:07.000,2026-02-27 08:46:06.000
25-306,NULL,SCOTT,Active,2026-01-14 10:06:42.000,2026-02-27 08:46:05.000
25-307,NULL,SCOTT,Active,2026-01-14 10:07:12.000,2026-02-27 08:46:05.000
25-308,NULL,SCOTT,Active,2026-01-14 10:07:46.000,2026-02-27 08:46:05.000
25-309,NULL,SCOTT,Active,2026-01-14 10:08:17.000,2026-02-27 08:46:05.000
25-310,NULL,SCOTT,Active,2026-01-14 10:08:55.000,2026-02-27 08:46:05.000
25-305,NULL,SCOTT,Active,2026-01-14 10:06:09.000,2026-02-26 07:47:22.000
25-296,NULL,SCOTT,Active,2026-01-14 10:01:00.000,2026-02-26 07:47:21.000
25-297,NULL,SCOTT,Active,2026-01-14 10:01:33.000,2026-02-26 07:47:21.000
25-298,NULL,SCOTT,Active,2026-01-14 10:02:05.000,2026-02-26 07:47:21.000
25-299,NULL,SCOTT,Active,2026-01-14 10:02:34.000,2026-02-26 07:47:21.000
25-300,NULL,SCOTT,Active,2026-01-14 10:03:41.000,2026-02-26 07:47:21.000
25-301,NULL,SCOTT,Active,2026-01-14 10:04:13.000,2026-02-26 07:47:21.000
25-302,NULL,SCOTT,Active,2026-01-14 10:04:44.000,2026-02-26 07:47:21.000
25-303,NULL,SCOTT,Active,2026-01-14 10:05:13.000,2026-02-26 07:47:21.000
25-304,NULL,SCOTT,Active,2026-01-14 10:05:40.000,2026-02-26 07:47:21.000
25-065,NULL,SHERRI,Complete,2026-02-16 16:39:58.000,2026-02-25 12:27:39.000
25-215,NULL,BOB,Active,2026-01-14 08:33:57.000,2026-02-20 12:03:45.000
25-235,NULL,BOB,Active,2026-01-14 08:44:39.000,2026-02-20 11:58:02.000
25-224,NULL,BOB,Active,2026-01-14 08:38:47.000,2026-02-20 11:57:05.000
25-242,NULL,BOB,Active,2026-01-14 08:50:10.000,2026-02-20 11:46:48.000
25-241,NULL,BOB,Active,2026-01-14 08:47:50.000,2026-02-20 11:46:25.000
25-240,NULL,BOB,Active,2026-01-14 08:47:14.000,2026-02-20 11:45:53.000
25-239,NULL,BOB,Active,2026-01-14 08:46:41.000,2026-02-20 11:45:20.000
25-238,NULL,BOB,Active,2026-01-14 08:46:07.000,2026-02-20 11:44:55.000
25-237,NULL,BOB,Active,2026-01-14 08:45:38.000,2026-02-20 11:44:18.000
25-236,NULL,BOB,Active,2026-01-14 08:45:08.000,2026-02-20 11:43:49.000
25-234,NULL,BOB,Active,2026-01-14 08:44:09.000,2026-02-20 11:42:51.000
25-233,NULL,BOB,Active,2026-01-14 08:43:38.000,2026-02-20 11:42:19.000
25-232,NULL,BOB,Active,2026-01-14 08:43:00.000,2026-02-20 11:41:52.000
25-231,NULL,BOB,Active,2026-01-14 08:42:29.000,2026-02-20 11:41:17.000
25-230,NULL,BOB,Active,2026-01-14 08:41:59.000,2026-02-20 11:40:49.000
25-229,NULL,BOB,Active,2026-01-14 08:41:25.000,2026-02-20 11:40:16.000
25-228,NULL,BOB,Active,2026-01-14 08:40:56.000,2026-02-20 11:39:47.000
25-227,NULL,BOB,Active,2026-01-14 08:40:20.000,2026-02-20 11:39:21.000
25-226,NULL,BOB,Active,2026-01-14 08:39:49.000,2026-02-20 11:38:49.000
25-225,NULL,BOB,Active,2026-01-14 08:39:18.000,2026-02-20 11:38:24.000
25-223,NULL,BOB,Active,2026-01-14 08:38:14.000,2026-02-20 11:37:24.000
25-222,NULL,BOB,Active,2026-01-14 08:37:45.000,2026-02-20 11:35:42.000
25-221,NULL,BOB,Active,2026-01-14 08:37:15.000,2026-02-20 11:35:10.000
25-220,NULL,BOB,Active,2026-01-14 08:36:35.000,2026-02-20 11:34:38.000
25-219,NULL,BOB,Active,2026-01-14 08:36:04.000,2026-02-20 11:34:06.000
25-218,NULL,BOB,Active,2026-01-14 08:35:33.000,2026-02-20 11:32:36.000
25-217,NULL,BOB,Active,2026-01-14 08:35:02.000,2026-02-20 11:32:04.000
25-216,NULL,BOB,Active,2026-01-14 08:34:34.000,2026-02-20 11:29:36.000
25-214,NULL,BOB,Active,2026-01-14 08:33:25.000,2026-02-20 11:27:42.000
25-064,NULL,SHERRI,Complete,2026-02-16 16:34:41.000,2026-02-19 11:54:42.000
25-348,NULL,SHERRI,Active,2026-01-14 11:22:09.000,2026-02-17 15:22:06.000
26-002,NULL,SHERRI,Active,2026-01-19 15:15:18.000,2026-02-17 14:11:32.000
26-003,NULL,SHERRI,Active,2026-01-19 15:29:09.000,2026-02-17 14:11:32.000
26-004,NULL,SHERRI,Active,2026-01-19 15:33:08.000,2026-02-17 14:11:32.000
25-098,NULL,SHERRI,Active,2025-09-29 15:31:52.000,2026-02-17 13:18:16.000
24-070,NULL,DAVID,Complete,2025-08-05 08:43:05.000,2026-02-17 12:13:20.000
25-289,NULL,SCOTT,Active,2026-01-14 09:55:56.000,2026-02-17 07:34:40.000
25-290,NULL,SCOTT,Active,2026-01-14 09:56:27.000,2026-02-17 07:34:40.000
25-291,NULL,SCOTT,Active,2026-01-14 09:57:07.000,2026-02-17 07:34:40.000
25-292,NULL,SCOTT,Active,2026-01-14 09:57:45.000,2026-02-17 07:34:40.000
25-293,NULL,SCOTT,Active,2026-01-14 09:58:46.000,2026-02-17 07:34:40.000
25-294,NULL,SCOTT,Active,2026-01-14 09:59:14.000,2026-02-17 07:34:40.000
25-295,NULL,SCOTT,Active,2026-01-14 09:59:46.000,2026-02-17 07:34:40.000
25-284,NULL,SCOTT,Active,2026-01-14 09:52:40.000,2026-02-17 07:34:39.000
25-285,NULL,SCOTT,Active,2026-01-14 09:53:13.000,2026-02-17 07:34:39.000
25-286,NULL,SCOTT,Active,2026-01-14 09:53:51.000,2026-02-17 07:34:39.000
25-287,NULL,SCOTT,Active,2026-01-14 09:54:33.000,2026-02-17 07:34:39.000
25-288,NULL,SCOTT,Active,2026-01-14 09:55:23.000,2026-02-17 07:34:39.000
25-120,NULL,NICK,Active,2025-11-21 11:37:59.000,2026-02-16 16:16:53.000
25-275,NULL,SCOTT,Active,2026-01-14 09:24:26.000,2026-02-14 08:01:25.000
25-276,NULL,SCOTT,Active,2026-01-14 09:24:55.000,2026-02-14 08:01:25.000
25-277,NULL,SCOTT,Active,2026-01-14 09:26:08.000,2026-02-14 08:01:25.000
25-278,NULL,SCOTT,Active,2026-01-14 09:47:57.000,2026-02-14 08:01:25.000
25-279,NULL,SCOTT,Active,2026-01-14 09:48:45.000,2026-02-14 08:01:25.000
25-280,NULL,SCOTT,Active,2026-01-14 09:49:36.000,2026-02-14 08:01:25.000
25-281,NULL,SCOTT,Active,2026-01-14 09:50:13.000,2026-02-14 08:01:25.000
25-282,NULL,SCOTT,Active,2026-01-14 09:51:13.000,2026-02-14 08:01:25.000
25-283,NULL,SCOTT,Active,2026-01-14 09:51:50.000,2026-02-14 08:01:25.000
25-274,NULL,SCOTT,Active,2026-01-14 09:23:55.000,2026-02-14 08:01:24.000
26-014,NULL,SHERRI,Active,2026-01-20 11:27:39.000,2026-02-12 15:04:14.000
26-001,NULL,SHERRI,Active,2026-01-19 15:10:30.000,2026-02-12 14:52:39.000
25-062,NULL,SHERRI,Complete,2026-02-02 11:19:41.000,2026-02-12 14:33:25.000
25-063,NULL,SHERRI,Complete,2026-02-02 11:25:22.000,2026-02-12 14:33:25.000
24-063,NULL,SHERRI,Complete,2025-10-22 11:03:41.000,2026-02-11 10:44:59.000
25-043,NULL,SHERRI,Active,2025-03-27 11:21:33.000,2026-01-29 12:56:07.000
25-022,NULL,SHERRI,Active,2025-01-29 14:09:43.000,2026-01-23 08:11:00.000
25-060,NULL,SHERRI,Complete,2026-01-13 11:55:05.000,2026-01-22 16:46:34.000
25-061,NULL,SHERRI,Complete,2026-01-13 11:57:44.000,2026-01-22 16:46:34.000
25-009,NULL,NICK,Complete,2025-10-14 15:28:09.000,2026-01-21 16:19:34.000
25-121,NULL,SHERRI,Active,2025-12-15 14:27:01.000,2026-01-20 15:20:05.000
25-122,NULL,SHERRI,Active,2025-12-15 14:34:36.000,2026-01-20 15:20:05.000
26-013,NULL,NICK,Active,2026-01-19 16:55:22.000,2026-01-20 11:38:58.000
26-012,NULL,NICK,Active,2026-01-19 16:52:25.000,2026-01-20 11:38:20.000
26-011,NULL,NICK,Active,2026-01-19 16:49:21.000,2026-01-20 11:37:12.000
26-010,NULL,NICK,Active,2026-01-19 16:44:50.000,2026-01-20 11:35:53.000
26-009,NULL,NICK,Active,2026-01-19 16:13:55.000,2026-01-20 11:34:28.000
26-007,NULL,NICK,Active,2026-01-19 16:03:31.000,2026-01-20 11:32:53.000
26-008,NULL,NICK,Active,2026-01-19 16:10:01.000,2026-01-20 11:32:53.000
24-069,NULL,SHERRI,Complete,2025-08-05 08:23:48.000,2026-01-19 08:56:09.000
25-349,NULL,SHERRI,Active,2026-01-14 11:25:41.000,2026-01-16 13:13:41.000
25-350,NULL,SHERRI,Active,2026-01-14 11:27:29.000,2026-01-16 13:13:41.000
25-351,NULL,SHERRI,Active,2026-01-14 11:31:14.000,2026-01-16 13:13:41.000
25-352,NULL,SHERRI,Active,2026-01-14 11:33:37.000,2026-01-16 13:13:41.000
25-353,NULL,SHERRI,Active,2026-01-14 11:35:50.000,2026-01-16 13:13:41.000
25-354,NULL,SHERRI,Active,2026-01-14 11:38:08.000,2026-01-16 13:13:41.000
25-355,NULL,SHERRI,Active,2026-01-14 11:39:59.000,2026-01-16 13:13:41.000
25-347,NULL,SHERRI,Active,2026-01-14 10:59:16.000,2026-01-16 12:58:59.000
25-273,NULL,SHERRI,Active,2026-01-14 09:23:24.000,2026-01-16 12:39:11.000
25-096,NULL,SHERRI,Complete,2026-01-05 14:22:42.000,2026-01-15 09:59:31.000
25-097,NULL,SHERRI,Complete,2026-01-05 14:22:51.000,2026-01-15 09:59:31.000
25-119,NULL,NICK,Active,2025-11-14 10:17:18.000,2026-01-14 12:57:19.000
25-080,NULL,SHERRI,Complete,2026-01-06 11:37:58.000,2026-01-09 15:19:35.000
25-077,NULL,SHERRI,Complete,2026-01-05 14:27:58.000,2026-01-08 09:44:08.000
25-078,NULL,SHERRI,Complete,2026-01-05 14:28:15.000,2026-01-08 09:44:08.000
25-079,NULL,SHERRI,Complete,2026-01-05 14:28:30.000,2026-01-08 09:44:08.000
24-065,NULL,SHERRI,Complete,2025-10-14 15:34:05.000,2025-12-31 15:31:06.000
24-066,NULL,SHERRI,Complete,2025-10-14 15:41:42.000,2025-12-31 15:31:06.000
25-088,NULL,SHERRI,Complete,2025-11-14 12:39:13.000,2025-12-22 14:02:43.000
25-085,NULL,SHERRI,Complete,2025-12-08 10:07:53.000,2025-12-22 13:59:59.000
25-030,NULL,SHERRI,Complete,2025-09-30 08:41:12.000,2025-12-22 13:51:50.000
25-033,NULL,SHERRI,Complete,2025-10-27 17:27:27.000,2025-12-22 13:51:50.000
25-034,NULL,SHERRI,Complete,2025-08-27 14:55:46.000,2025-12-22 13:51:50.000
25-035,NULL,SHERRI,Complete,2025-08-27 15:00:36.000,2025-12-22 13:51:50.000
25-036,NULL,SHERRI,Complete,2025-08-27 15:04:29.000,2025-12-22 13:51:50.000
25-076,NULL,SHERRI,Complete,2025-09-30 08:41:23.000,2025-12-22 13:51:50.000
25-056,NULL,SHERRI,Complete,2025-11-11 14:17:43.000,2025-12-22 13:34:58.000
25-057,NULL,SHERRI,Complete,2025-11-11 14:26:40.000,2025-12-22 13:34:58.000
25-058,NULL,SHERRI,Complete,2025-12-16 10:33:27.000,2025-12-22 13:34:58.000
25-059,NULL,SHERRI,Complete,2025-12-16 10:39:32.000,2025-12-22 13:34:58.000
25-054,NULL,SHERRI,Complete,2025-11-24 09:13:35.000,2025-12-22 13:31:42.000
25-114,NULL,SHERRI,Active,2025-11-05 09:35:36.000,2025-12-18 13:31:52.000
25-015,NULL,SHERRI,Complete,2025-11-06 08:57:32.000,2025-12-11 14:22:09.000
25-014,NULL,SHERRI,Complete,2025-11-06 08:57:22.000,2025-12-11 14:20:56.000
24-067,NULL,SHERRI,Complete,2025-08-12 08:04:24.000,2025-12-08 13:21:22.000
24-068,NULL,SHERRI,Complete,2025-08-12 08:11:12.000,2025-12-08 13:21:22.000
25-095,NULL,SHERRI,Active,2025-09-23 13:01:35.000,2025-11-30 13:14:17.000
25-087,NULL,SHERRI,Complete,2025-10-22 14:25:14.000,2025-11-30 13:11:17.000
24-038,NULL,SHERRI,Active,2024-06-11 16:51:01.000,2025-11-30 12:56:23.000
25-100,NULL,SHERRI,Complete,2025-10-27 14:33:53.000,2025-11-14 12:01:20.000
24-042,NULL,NICK,Complete,2024-11-07 08:13:21.000,2025-11-05 16:32:54.000
25-091,NULL,SHERRI,Active,2025-09-04 09:29:13.000,2025-10-31 09:11:42.000
25-008,NULL,SHERRI,Complete,2025-10-14 15:27:59.000,2025-10-31 09:02:01.000
25-086,NULL,SHERRI,Active,2025-08-05 10:18:46.000,2025-10-10 12:25:50.000
25-053,NULL,SHERRI,Active,2025-06-03 15:14:05.000,2025-10-08 14:01:17.000
24-026,NULL,DAVID,Active,2024-05-31 14:42:57.000,2025-10-01 14:33:22.000
25-090,NULL,SHERRI,Active,2025-08-20 16:35:58.000,2025-09-30 12:41:29.000
25-072,NULL,SHERRI,Complete,2025-09-22 11:39:40.000,2025-09-30 12:21:18.000
25-073,NULL,SHERRI,Complete,2025-09-24 15:09:06.000,2025-09-30 12:21:18.000
24-047,NULL,JOHN,Complete,2025-04-04 08:37:36.000,2025-09-17 10:41:01.000
25-044,NULL,SHERRI,Complete,2025-08-13 14:49:09.000,2025-09-17 09:05:54.000
25-039,NULL,SHERRI,Complete,2025-08-15 08:50:54.000,2025-08-29 11:57:17.000
25-042,NULL,SHERRI,Active,2025-03-20 12:41:41.000,2025-08-29 11:55:55.000
24-072,NULL,SHERRI,Active,2024-12-18 10:43:11.000,2025-08-29 11:52:25.000
24-071,NULL,SHERRI,Active,2024-12-18 10:40:10.000,2025-08-29 11:52:25.000
24-031,NULL,SCOTT,Complete,2024-11-07 08:18:43.000,2025-08-21 06:57:38.000
25-081,NULL,SHERRI,Active,2025-07-01 15:04:37.000,2025-07-24 16:42:23.000
23-083,NULL,NICK,Active,2023-12-07 16:37:48.000,2025-07-24 14:08:00.000
25-082,NULL,SHERRI,Active,2025-07-02 16:35:29.000,2025-07-17 09:34:32.000
24-034,NULL,SCOTT,Complete,2024-11-07 08:19:14.000,2025-07-16 07:32:40.000
25-002,NULL,SHERRI,Complete,2025-06-25 07:56:18.000,2025-07-02 16:27:41.000
25-003,NULL,SHERRI,Complete,2025-06-25 07:56:27.000,2025-07-02 16:27:41.000
25-004,NULL,SHERRI,Complete,2025-06-25 07:56:37.000,2025-07-02 16:27:41.000
24-004,NULL,SHERRI,Complete,2025-03-20 14:42:52.000,2025-06-26 16:39:50.000
25-048,NULL,SHERRI,Active,2025-04-29 16:46:00.000,2025-06-18 08:21:42.000
24-062,NULL,SHERRI,Complete,2025-05-21 08:23:46.000,2025-06-18 08:14:22.000
24-044,NULL,NICK,Complete,2024-08-21 08:44:28.000,2025-06-17 13:02:55.000
24-003,NULL,SCOTT,Complete,2024-09-17 17:51:35.000,2025-06-17 08:16:18.000
25-005,NULL,SHERRI,Complete,2025-06-03 08:23:47.000,2025-06-12 13:28:06.000
25-051,NULL,SHERRI,Active,2025-05-16 11:51:28.000,2025-06-05 11:34:52.000
25-050,NULL,SHERRI,Active,2025-05-13 09:15:21.000,2025-05-29 15:23:48.000
25-006,NULL,SHERRI,Active,2025-01-28 09:27:32.000,2025-05-29 15:19:25.000
24-053,NULL,SHERRI,Complete,2025-03-24 10:55:05.000,2025-05-29 15:08:03.000
25-024,NULL,SHERRI,Complete,2025-05-27 08:19:10.000,2025-05-28 08:31:59.000
24-023,NULL,DAVID,Complete,2024-05-03 09:40:38.000,2025-05-22 17:00:34.000
24-024,NULL,DAVID,Active,2024-05-16 16:50:26.000,2025-05-22 17:00:34.000
24-073,NULL,SHERRI,Active,2025-05-21 10:04:59.000,2025-05-22 11:49:40.000
25-049,NULL,SHERRI,Active,2025-05-06 08:45:31.000,2025-05-15 13:58:20.000
25-046,NULL,SHERRI,Active,2025-04-15 16:00:31.000,2025-05-15 13:50:51.000
25-038,NULL,SHERRI,Active,2025-02-26 16:28:42.000,2025-04-24 15:36:14.000
25-047,NULL,SHERRI,Active,2025-04-22 09:00:08.000,2025-04-24 12:26:18.000
25-045,NULL,SHERRI,Active,2025-04-09 09:50:08.000,2025-04-24 12:24:48.000
24-045,NULL,SHERRI,Active,2024-08-16 12:58:30.000,2025-04-22 09:21:43.000
24-048,NULL,SHERRI,Complete,2025-04-04 08:39:54.000,2025-04-17 12:37:19.000
25-041,NULL,SHERRI,Active,2025-03-10 11:41:46.000,2025-04-17 12:30:25.000
24-054,NULL,SHERRI,Complete,2025-03-28 09:07:53.000,2025-04-17 12:28:17.000
24-055,NULL,SHERRI,Complete,2025-03-28 09:14:05.000,2025-04-17 12:28:17.000
23-013,NULL,SHERRI,Active,2023-02-23 15:45:51.000,2025-03-20 08:33:42.000
23-012,NULL,SHERRI,Active,2023-02-27 09:13:45.000,2025-03-20 08:33:05.000
23-011,NULL,SHERRI,Active,2023-02-27 09:10:58.000,2025-03-20 08:32:24.000
23-010,NULL,SHERRI,Active,2023-02-27 09:06:55.000,2025-03-20 08:31:49.000
23-009,NULL,SHERRI,Active,2023-02-27 09:03:02.000,2025-03-20 08:31:19.000
23-008,NULL,SHERRI,Active,2023-02-27 08:58:53.000,2025-03-20 08:30:49.000
23-093,NULL,SHERRI,Active,2023-12-08 10:28:54.000,2025-03-06 12:52:07.000
23-092,NULL,SHERRI,Active,2023-12-08 09:58:41.000,2025-03-06 12:51:11.000
23-091,NULL,SHERRI,Active,2023-12-08 09:55:55.000,2025-03-06 12:50:06.000
23-090,NULL,SHERRI,Active,2023-12-08 09:52:01.000,2025-03-06 12:49:14.000
23-089,NULL,SHERRI,Active,2023-12-08 09:45:47.000,2025-03-06 12:48:07.000
23-088,NULL,SHERRI,Active,2023-12-08 09:42:28.000,2025-03-06 12:45:44.000
23-087,NULL,SHERRI,Active,2023-12-08 09:39:02.000,2025-03-06 12:44:43.000
23-086,NULL,SHERRI,Active,2023-12-07 16:49:10.000,2025-03-06 12:43:32.000
23-085,NULL,SHERRI,Active,2023-12-07 16:46:09.000,2025-03-06 12:42:29.000
23-084,NULL,SHERRI,Active,2023-12-07 16:43:14.000,2025-03-06 12:27:23.000
23-082,NULL,SHERRI,Active,2023-12-07 16:32:27.000,2025-03-06 12:24:46.000
23-081,NULL,SHERRI,Active,2023-12-07 16:28:57.000,2025-03-06 12:23:56.000
23-080,NULL,SHERRI,Active,2023-12-07 16:25:07.000,2025-03-06 12:22:42.000
23-079,NULL,SHERRI,Active,2023-11-22 11:38:00.000,2025-03-06 12:21:32.000
23-078,NULL,SHERRI,Active,2023-11-22 11:36:03.000,2025-03-06 12:20:31.000
23-077,NULL,SHERRI,Active,2023-11-22 11:33:10.000,2025-03-06 12:19:26.000
23-076,NULL,SHERRI,Active,2023-11-22 11:30:21.000,2025-03-06 12:17:52.000
23-075,NULL,SHERRI,Active,2023-11-22 11:26:01.000,2025-03-06 12:10:15.000
23-042,NULL,SHERRI,Active,2023-06-13 16:54:32.000,2025-02-27 13:56:07.000
23-041,NULL,SHERRI,Complete,2025-02-04 07:59:01.000,2025-02-27 13:56:07.000
23-073,NULL,SHERRI,Complete,2024-10-07 08:07:02.000,2025-02-25 08:21:11.000
23-074,NULL,SHERRI,Complete,2024-10-07 08:11:55.000,2025-02-25 08:21:11.000
25-001,NULL,SHERRI,Active,2025-01-16 08:43:02.000,2025-02-20 13:18:20.000
24-051,NULL,SHERRI,Complete,2025-01-30 14:08:01.000,2025-02-20 13:10:50.000
24-052,NULL,SHERRI,Complete,2025-01-31 10:37:50.000,2025-02-20 13:10:50.000
24-013,NULL,SHERRI,Complete,2025-01-15 09:01:57.000,2025-02-20 13:06:54.000
24-011,NULL,SHERRI,Complete,2025-01-15 08:54:25.000,2025-02-20 13:06:53.000
23-043,NULL,SHERRI,Active,2023-06-13 16:58:17.000,2025-02-20 12:02:21.000
24-050,NULL,SHERRI,Complete,2025-02-20 10:01:04.000,2025-02-20 11:56:36.000
24-009,NULL,SHERRI,Complete,2025-01-15 09:03:42.000,2025-02-12 09:04:01.000
21-118,NULL,JOHN,Complete,2022-06-01 08:21:03.000,2025-02-11 08:18:10.000
23-070,NULL,SHERRI,Complete,2025-01-09 15:55:59.000,2025-02-07 11:43:36.000
24-010,NULL,SHERRI,Complete,2025-01-15 09:10:04.000,2025-01-30 11:18:08.000
24-012,NULL,SHERRI,Complete,2025-01-08 07:45:30.000,2025-01-30 11:18:08.000
24-014,NULL,SHERRI,Complete,2025-01-08 08:29:47.000,2025-01-30 11:18:08.000
24-015,NULL,SHERRI,Complete,2024-11-15 12:34:20.000,2025-01-30 11:18:08.000
23-094,NULL,SHERRI,Complete,2024-06-21 12:26:49.000,2025-01-29 15:41:08.000
23-095,NULL,SHERRI,Complete,2024-06-27 14:50:00.000,2025-01-29 15:41:08.000
23-096,NULL,SHERRI,Complete,2024-07-24 08:38:33.000,2025-01-29 15:41:08.000
23-097,NULL,SHERRI,Complete,2024-07-22 08:40:59.000,2025-01-29 15:41:08.000
23-098,NULL,SHERRI,Complete,2024-07-24 08:38:53.000,2025-01-29 15:41:08.000
23-099,NULL,SHERRI,Complete,2024-08-05 08:16:44.000,2025-01-29 15:41:08.000
23-100,NULL,SHERRI,Complete,2024-08-12 13:26:21.000,2025-01-29 15:41:08.000
23-101,NULL,SHERRI,Complete,2024-08-14 14:18:26.000,2025-01-29 15:41:08.000
24-041,NULL,SHERRI,Complete,2024-11-25 08:40:37.000,2025-01-29 15:38:48.000
23-068,NULL,SCOTT,Complete,2024-07-22 09:10:58.000,2025-01-17 06:36:58.000
23-069,NULL,SCOTT,Complete,2024-07-22 13:22:59.000,2025-01-17 06:36:58.000
23-067,NULL,DAVID,Complete,2024-06-24 16:25:10.000,2025-01-15 08:51:24.000
24-060,NULL,SHERRI,Complete,2024-12-04 13:16:33.000,2025-01-14 15:20:35.000
23-054,NULL,SCOTT,Complete,2024-05-15 08:08:18.000,2025-01-02 07:05:08.000
24-061,NULL,SHERRI,Active,2024-11-19 16:39:47.000,2024-12-30 14:47:03.000
24-005,NULL,SHERRI,Complete,2024-12-05 08:27:36.000,2024-12-30 14:35:11.000
24-035,NULL,SCOTT,Complete,2024-11-07 08:19:28.000,2024-12-11 07:16:30.000
24-028,NULL,SCOTT,Complete,2024-11-07 08:18:12.000,2024-12-11 07:15:21.000
24-036,NULL,SCOTT,Complete,2024-11-07 08:19:43.000,2024-12-11 07:13:12.000
24-029,NULL,SCOTT,Complete,2024-11-07 08:18:21.000,2024-12-11 07:13:12.000
24-059,NULL,SHERRI,Active,2024-10-30 11:51:25.000,2024-12-05 09:55:10.000
24-057,NULL,SHERRI,Active,2024-10-25 12:38:02.000,2024-12-05 09:51:04.000
24-027,NULL,SHERRI,Complete,2024-11-07 08:18:02.000,2024-12-05 09:47:34.000
24-030,NULL,SHERRI,Complete,2024-11-07 08:18:31.000,2024-12-05 09:47:34.000
24-032,NULL,SHERRI,Complete,2024-11-07 08:18:52.000,2024-12-05 09:47:34.000
24-033,NULL,SHERRI,Complete,2024-11-07 08:19:03.000,2024-12-05 09:47:34.000
24-017,NULL,SHERRI,Complete,2024-10-14 11:26:12.000,2024-12-05 09:45:07.000
24-018,NULL,SHERRI,Complete,2024-10-28 11:00:06.000,2024-12-05 09:45:07.000
24-019,NULL,SHERRI,Complete,2024-10-28 11:03:44.000,2024-12-05 09:45:07.000
24-058,NULL,SHERRI,Active,2024-10-29 09:27:42.000,2024-12-03 14:40:41.000
24-008,NULL,JASON,Complete,2024-04-12 10:46:11.000,2024-11-27 08:54:52.000
24-056,NULL,SHERRI,Complete,2024-10-14 11:58:10.000,2024-10-31 12:26:28.000
24-006,NULL,SHERRI,Complete,2024-09-10 08:29:08.000,2024-10-31 12:12:40.000
23-066,NULL,SHERRI,Active,2023-09-20 08:47:36.000,2024-10-31 12:02:03.000
23-053,NULL,NICK,Complete,2024-05-15 08:02:20.000,2024-10-18 11:37:23.000
24-049,NULL,SHERRI,Complete,2024-09-10 14:08:50.000,2024-10-02 14:30:30.000
24-043,NULL,SHERRI,Active,2024-07-24 16:42:19.000,2024-10-02 14:21:22.000
24-002,NULL,SHERRI,Complete,2024-08-20 09:07:47.000,2024-10-02 14:13:42.000
23-105,NULL,SHERRI,Active,2024-04-15 15:59:26.000,2024-10-02 14:11:48.000
23-031,NULL,SCOTT,Complete,2024-05-30 08:24:34.000,2024-09-23 07:40:05.000
22-116,NULL,SHERRI,Complete,2023-05-25 08:11:36.000,2024-09-03 14:48:18.000
22-115,NULL,SHERRI,Complete,2023-05-25 08:08:26.000,2024-09-03 14:47:03.000
22-114,NULL,SHERRI,Complete,2023-04-05 11:30:39.000,2024-09-03 14:45:17.000
22-113,NULL,SHERRI,Complete,2023-04-05 11:30:28.000,2024-09-03 14:44:30.000
21-111,NULL,SHERRI,Complete,2022-10-13 11:26:18.000,2024-09-03 14:43:18.000
21-110,NULL,SHERRI,Complete,2022-10-10 11:08:00.000,2024-09-03 14:42:44.000
21-109,NULL,SHERRI,Complete,2022-10-10 11:07:51.000,2024-09-03 14:42:14.000
21-108,NULL,SHERRI,Complete,2022-09-29 08:23:36.000,2024-09-03 14:41:37.000
21-107,NULL,SHERRI,Complete,2022-10-13 11:26:07.000,2024-09-03 14:41:02.000
21-106,NULL,SHERRI,Complete,2022-09-29 08:23:25.000,2024-09-03 14:40:12.000
21-105,NULL,SHERRI,Complete,2022-09-06 15:01:09.000,2024-09-03 14:39:07.000
21-104,NULL,SHERRI,Complete,2022-09-15 09:16:56.000,2024-09-03 14:38:11.000
21-103,NULL,SHERRI,Complete,2022-09-15 09:16:45.000,2024-09-03 14:37:26.000
21-102,NULL,SHERRI,Complete,2022-08-25 11:25:20.000,2024-09-03 14:36:54.000
21-101,NULL,SHERRI,Complete,2022-08-25 11:25:05.000,2024-09-03 14:36:14.000
21-100,NULL,SHERRI,Complete,2022-09-06 15:00:57.000,2024-09-03 14:35:34.000
22-063,NULL,SHERRI,Complete,2024-01-30 08:14:23.000,2024-08-27 11:48:56.000
24,NULL,SCOTT,Active,2024-08-19 07:37:35.000,2024-08-19 07:38:13.000
23-048,NULL,SHERRI,Complete,2024-06-25 16:10:29.000,2024-08-16 08:30:10.000
22-075,NULL,NICK,Complete,2023-02-07 16:07:23.000,2024-08-15 14:33:10.000
22-079,NULL,NICK,Complete,2023-06-16 09:16:26.000,2024-08-15 14:32:59.000
23-045,NULL,NICK,Complete,2024-06-10 08:54:58.000,2024-08-15 14:32:58.000
23-102,NULL,SHERRI,Active,2024-01-03 14:00:57.000,2024-08-15 12:01:58.000
23-104,NULL,SHERRI,Active,2024-04-11 09:49:49.000,2024-08-01 11:24:17.000
23-055,NULL,JASON,Complete,2024-07-29 10:12:26.000,2024-08-01 09:19:51.000
23-065,NULL,SHERRI,Complete,2024-07-18 13:26:25.000,2024-07-25 13:57:15.000
23-047,NULL,SHERRI,Complete,2024-06-25 15:56:06.000,2024-07-23 08:54:56.000
23-019,NULL,JASON,Complete,2024-04-16 13:17:53.000,2024-07-18 09:27:34.000
23-023,NULL,SHERRI,Complete,2024-04-29 16:38:50.000,2024-07-15 10:35:17.000
24-040,NULL,SHERRI,Active,2024-07-12 08:26:28.000,2024-07-12 11:26:07.000
24-039,NULL,SHERRI,Active,2024-06-26 12:46:09.000,2024-07-12 11:22:27.000
23-072,NULL,SHERRI,Active,2023-10-11 11:34:28.000,2024-07-12 11:13:58.000
23-061,NULL,JASON,Complete,2024-04-08 13:59:00.000,2024-07-08 08:39:14.000
23-026,NULL,SHERRI,Complete,2024-02-28 13:04:18.000,2024-07-01 15:47:04.000
23-044,NULL,SHERRI,Complete,2024-06-10 08:46:56.000,2024-06-28 08:34:50.000
23-046,NULL,SHERRI,Complete,2024-06-10 09:18:26.000,2024-06-28 08:34:50.000
23-049,NULL,SHERRI,Active,2023-06-14 17:34:32.000,2024-06-28 08:34:50.000
23-050,NULL,SHERRI,Active,2023-06-14 17:37:44.000,2024-06-28 08:34:50.000
22-098,NULL,NICK,Complete,2024-03-20 09:08:45.000,2024-06-26 09:26:13.000
23-030,NULL,SHERRI,Complete,2024-05-30 08:19:34.000,2024-06-25 11:08:49.000
23-071,NULL,SHERRI,Complete,2024-05-22 08:26:55.000,2024-06-21 08:53:42.000
24-025,NULL,SHERRI,Active,2024-05-28 13:53:43.000,2024-06-21 08:47:51.000
24-022,NULL,SHERRI,Complete,2024-06-03 08:35:07.000,2024-06-06 14:16:36.000
23-017,NULL,SHERRI,Complete,2024-06-06 12:05:35.000,2024-06-06 12:05:35.000
23-036,NULL,SHERRI,Complete,2024-05-21 08:06:36.000,2024-05-31 12:57:49.000
23-037,NULL,SHERRI,Complete,2024-05-21 08:06:45.000,2024-05-31 12:57:49.000
22-107,NULL,NICK,Complete,2024-01-25 09:28:40.000,2024-05-16 16:55:05.000
24-001,NULL,SHERRI,Active,2024-01-25 14:01:23.000,2024-05-16 12:12:00.000
23-062,NULL,SHERRI,Complete,2024-05-06 08:19:07.000,2024-05-10 11:02:07.000
23-003,NULL,NICK,Complete,2023-09-05 08:39:12.000,2024-05-01 09:09:17.000
23-063,NULL,SHERRI,Complete,2024-04-15 16:57:31.000,2024-04-26 12:40:38.000
23-064,NULL,SHERRI,Complete,2024-04-15 16:57:41.000,2024-04-26 12:40:38.000
23-014,NULL,SHERRI,Complete,2024-01-04 10:36:42.000,2024-04-23 10:15:38.000
22-110,NULL,SHERRI,Complete,2024-03-04 08:12:50.000,2024-04-15 14:03:05.000
22-111,NULL,SHERRI,Complete,2024-03-04 08:12:59.000,2024-04-15 14:03:05.000
22-112,NULL,SHERRI,Complete,2024-03-04 08:17:26.000,2024-04-15 14:03:05.000
24-007,NULL,JASON,Complete,2024-04-12 10:45:57.000,2024-04-13 07:29:04.000
23-057,NULL,SHERRI,Complete,2024-04-08 13:58:18.000,2024-04-12 09:19:33.000
23-058,NULL,SHERRI,Complete,2024-04-08 13:58:28.000,2024-04-12 09:19:33.000
23-059,NULL,SHERRI,Complete,2024-04-08 13:58:39.000,2024-04-12 09:19:33.000
23-060,NULL,SHERRI,Complete,2024-04-08 13:58:50.000,2024-04-12 09:19:33.000
24-020,NULL,SHERRI,Active,2024-04-03 10:40:53.000,2024-04-11 12:31:09.000
24-021,NULL,SHERRI,Active,2024-04-03 10:43:42.000,2024-04-11 12:31:09.000
23-040,NULL,SHERRI,Complete,2024-04-08 10:20:09.000,2024-04-11 12:21:56.000
23-027,NULL,SHERRI,Complete,2024-02-28 12:05:48.000,2024-04-09 13:17:50.000
22-055,NULL,NICK,Complete,2023-03-21 14:02:12.000,2024-04-04 09:40:23.000
22-065,NULL,SHERRI,Complete,2024-03-20 08:45:36.000,2024-03-28 10:33:38.000
23-052,NULL,SHERRI,Complete,2024-03-06 10:05:47.000,2024-03-25 15:27:20.000
23-035,NULL,SHERRI,Complete,2024-03-14 08:30:18.000,2024-03-25 15:26:42.000
23-032,NULL,SHERRI,Complete,2024-03-14 08:30:27.000,2024-03-21 15:11:22.000
22-084,NULL,SHERRI,Active,2022-09-20 12:26:33.000,2024-03-21 15:01:36.000
22-072,NULL,SHERRI,Active,2022-08-09 11:28:19.000,2024-03-21 14:56:29.000
23-051,NULL,SHERRI,Complete,2024-02-21 13:20:19.000,2024-03-13 09:06:24.000
22-064,NULL,SHERRI,Complete,2024-02-27 08:04:33.000,2024-02-29 11:51:59.000
22-026,NULL,SHERRI,Complete,2022-11-10 07:54:50.000,2024-02-28 14:09:29.000
23-028,NULL,SHERRI,Complete,2024-02-21 08:12:23.000,2024-02-23 12:56:41.000
23-029,NULL,SHERRI,Complete,2024-02-21 08:12:33.000,2024-02-23 12:56:41.000
22-062,NULL,SHERRI,Complete,2023-11-22 15:01:18.000,2024-02-07 10:16:10.000
22-103,NULL,SHERRI,Complete,2024-01-25 14:16:35.000,2024-02-01 16:22:27.000
22-104,NULL,SHERRI,Complete,2024-01-25 14:16:46.000,2024-02-01 16:22:27.000
22-095,NULL,SHERRI,Complete,2024-01-25 15:26:36.000,2024-02-01 16:22:26.000
22-105,NULL,SHERRI,Complete,2024-01-25 09:26:31.000,2024-02-01 16:22:26.000
22-106,NULL,SHERRI,Complete,2024-01-25 09:27:32.000,2024-02-01 16:22:26.000
22-108,NULL,SHERRI,Complete,2024-01-25 09:29:57.000,2024-02-01 16:22:26.000
22-109,NULL,SHERRI,Complete,2024-01-25 09:31:10.000,2024-02-01 16:22:26.000
22-101,NULL,SHERRI,Complete,2024-01-25 14:15:44.000,2024-02-01 16:22:26.000
22-102,NULL,SHERRI,Complete,2023-11-07 07:58:48.000,2024-02-01 16:22:26.000
23-021,NULL,DAVID,Complete,2024-01-03 10:40:14.000,2024-01-30 15:15:43.000
23-020,NULL,SHERRI,Complete,2024-01-03 10:32:31.000,2024-01-19 12:43:12.000
23-018,NULL,SHERRI,Complete,2024-01-02 08:56:18.000,2024-01-18 12:13:54.000
23-016,NULL,SHERRI,Complete,2023-11-22 14:56:33.000,2024-01-16 13:28:47.000
22-028,NULL,JASON,Complete,2022-10-05 17:13:23.000,2024-01-11 09:01:07.000
22-020,NULL,SHERRI,Complete,2022-11-04 12:46:30.000,2024-01-02 09:51:57.000
23-103,NULL,SHERRI,Complete,2023-12-26 11:03:03.000,2023-12-29 11:18:16.000
23-015,NULL,SHERRI,Complete,2023-11-22 13:37:38.000,2023-12-28 16:11:25.000
23-007,NULL,SHERRI,Complete,2023-10-31 13:38:17.000,2023-12-28 16:09:22.000
22-018,NULL,SHERRI,Complete,2022-11-28 08:16:40.000,2023-12-26 11:33:21.000
22-027,NULL,SHERRI,Complete,2022-12-05 16:59:35.000,2023-12-26 11:31:08.000
22-094,NULL,SHERRI,Complete,2023-11-22 13:13:03.000,2023-12-06 13:52:22.000
22-100,NULL,SHERRI,Complete,2023-11-22 13:13:17.000,2023-12-06 13:52:22.000
22-129,NULL,SHERRI,Complete,2023-09-14 08:09:52.000,2023-12-06 12:59:29.000
23-024,NULL,SHERRI,Complete,2023-09-26 12:08:04.000,2023-12-06 12:59:29.000
22-089,NULL,SHERRI,Complete,2023-11-14 16:55:26.000,2023-11-30 12:57:18.000
22-090,NULL,SHERRI,Complete,2023-11-14 16:55:40.000,2023-11-30 12:57:18.000
22-091,NULL,SHERRI,Complete,2023-10-31 17:33:08.000,2023-11-30 12:57:18.000
22-092,NULL,SHERRI,Complete,2023-11-08 08:19:19.000,2023-11-30 12:57:18.000
22-093,NULL,SHERRI,Complete,2023-11-08 08:19:29.000,2023-11-30 12:57:18.000
22-096,NULL,SHERRI,Complete,2023-10-31 17:33:43.000,2023-11-30 12:57:18.000
22-097,NULL,SHERRI,Complete,2023-10-31 17:33:54.000,2023-11-30 12:57:18.000
22-099,NULL,SHERRI,Complete,2023-11-07 07:58:38.000,2023-11-30 12:57:18.000
22-015,NULL,JASON,Complete,2022-06-20 10:22:14.000,2023-11-22 15:10:24.000
22-003,NULL,JASON,Complete,2022-07-07 07:52:14.000,2023-11-21 08:46:07.000
21-132,NULL,SHERRI,Complete,2023-05-16 12:12:38.000,2023-11-10 11:57:19.000
22-076,NULL,SHERRI,Complete,2023-10-05 08:20:58.000,2023-11-10 11:57:19.000
22-044,NULL,SHERRI,Complete,2022-10-26 08:11:24.000,2023-11-08 16:34:56.000
22-045,NULL,SHERRI,Complete,2022-10-26 08:11:40.000,2023-11-08 16:34:56.000
22-046,NULL,SHERRI,Complete,2022-10-26 08:11:50.000,2023-11-08 16:34:56.000
22-047,NULL,SHERRI,Complete,2023-01-04 10:10:00.000,2023-11-08 16:34:56.000
22-048,NULL,SHERRI,Complete,2022-12-05 16:59:44.000,2023-11-08 16:34:56.000
22-127,NULL,SHERRI,Complete,2023-10-30 10:35:48.000,2023-11-03 08:40:29.000
22-078,NULL,SHERRI,Complete,2023-06-16 09:16:17.000,2023-10-31 15:22:18.000
22-080,NULL,SHERRI,Complete,2023-06-16 09:16:35.000,2023-10-31 15:22:18.000
22-082,NULL,SHERRI,Complete,2023-06-16 09:16:55.000,2023-10-31 15:22:18.000
22-122,NULL,SHERRI,Complete,2023-10-25 09:18:23.000,2023-10-31 15:07:56.000
22-007,NULL,SHERRI,Complete,2022-09-13 07:57:56.000,2023-10-23 10:40:40.000
23-005,NULL,SHERRI,Complete,2023-09-07 09:47:09.000,2023-10-17 14:34:14.000
22-016,NULL,SHERRI,Complete,2023-04-17 07:46:30.000,2023-10-16 09:57:35.000
21-041,NULL,SHERRI,Complete,2021-11-02 18:56:24.000,2023-10-10 13:40:41.000
23-004,NULL,SHERRI,Complete,2023-09-14 08:01:31.000,2023-10-06 11:21:23.000
23-034,NULL,DAVID,Complete,2023-10-04 13:09:09.000,2023-10-04 13:09:14.000
23-006,NULL,SHERRI,Complete,2023-09-20 08:04:47.000,2023-09-29 09:29:49.000
23-056,NULL,SHERRI,Active,2023-08-09 10:37:15.000,2023-09-28 11:52:10.000
23-002,NULL,SHERRI,Complete,2023-09-05 08:11:12.000,2023-09-15 13:51:10.000
22-126,NULL,SHERRI,Complete,2023-08-21 08:06:23.000,2023-09-01 12:33:20.000
22-005,NULL,NICK,Complete,2023-01-23 18:13:26.000,2023-08-31 16:06:17.000
22-067,NULL,SHERRI,Complete,2023-08-22 08:10:56.000,2023-08-28 09:03:32.000
22-066,NULL,SHERRI,Complete,2023-08-21 15:23:12.000,2023-08-25 10:44:07.000
22-070,NULL,SHERRI,Complete,2023-08-22 08:15:50.000,2023-08-25 10:44:07.000
22-037,NULL,SHERRI,Complete,2023-01-25 18:44:31.000,2023-08-08 13:24:37.000
22-038,NULL,SHERRI,Complete,2023-01-25 18:47:04.000,2023-08-08 13:24:37.000
22-002,NULL,SHERRI,Complete,2022-07-26 08:25:28.000,2023-08-07 09:46:37.000
22-068,NULL,SHERRI,Complete,2023-07-24 07:54:32.000,2023-07-28 09:41:03.000
22-069,NULL,SHERRI,Complete,2023-07-24 07:59:00.000,2023-07-28 09:38:31.000
22-071,NULL,SHERRI,Complete,2023-07-24 08:03:37.000,2023-07-28 09:36:46.000
22-140,NULL,SHERRI,Active,2023-01-03 08:00:13.000,2023-07-20 16:52:22.000
22-137,NULL,SHERRI,Complete,2023-06-16 08:09:04.000,2023-07-18 14:45:26.000
22-138,NULL,SHERRI,Complete,2023-06-16 08:09:26.000,2023-07-18 14:45:26.000
22-136,NULL,SHERRI,Complete,2023-06-16 08:08:53.000,2023-07-18 14:45:25.000
23-038,NULL,SHERRI,Active,2023-06-01 15:50:54.000,2023-07-18 14:08:27.000
22-035,NULL,DAVID,Complete,2022-12-03 10:32:25.000,2023-07-12 09:06:04.000
22-088,NULL,SHERRI,Complete,2023-06-22 11:16:52.000,2023-07-07 14:52:19.000
22-010,NULL,NICK,Complete,2022-07-05 08:00:17.000,2023-07-07 10:18:06.000
22-011,NULL,NICK,Complete,2022-07-05 08:04:06.000,2023-07-07 10:18:06.000
22-008,NULL,NICK,Complete,2022-09-15 09:21:55.000,2023-07-07 10:18:05.000
22-009,NULL,NICK,Complete,2022-09-15 09:22:23.000,2023-07-07 10:18:05.000
23-022,NULL,NICK,Active,2023-03-16 12:15:16.000,2023-07-05 09:58:25.000
22-124,NULL,SHERRI,Complete,2023-06-21 12:47:30.000,2023-07-03 08:50:57.000
22-125,NULL,SHERRI,Complete,2023-06-21 12:55:20.000,2023-07-03 08:50:57.000
22-051,NULL,SHERRI,Complete,2023-03-28 08:05:11.000,2023-06-29 14:30:51.000
21-051,NULL,NICK,Complete,2021-11-03 16:47:52.000,2023-06-29 13:47:11.000
21-052,NULL,NICK,Complete,2022-05-09 08:01:37.000,2023-06-29 13:47:11.000
23-039,NULL,SHERRI,Active,2023-06-01 15:55:20.000,2023-06-29 11:55:52.000
23-033,NULL,SHERRI,Complete,2023-06-21 16:35:20.000,2023-06-29 11:54:49.000
22-120,NULL,SHERRI,Complete,2023-06-14 11:15:12.000,2023-06-29 11:40:33.000
22-081,NULL,SHERRI,Complete,2023-06-16 09:16:45.000,2023-06-29 11:39:09.000
22-130,NULL,SHERRI,Complete,2023-06-15 16:53:21.000,2023-06-26 12:45:09.000
22-131,NULL,SHERRI,Complete,2023-06-16 08:02:18.000,2023-06-26 12:45:09.000
22-132,NULL,SHERRI,Complete,2023-06-15 16:53:31.000,2023-06-26 12:45:09.000
22-133,NULL,SHERRI,Complete,2023-06-16 08:02:34.000,2023-06-26 12:45:09.000
22-034,NULL,NICK,Complete,2022-12-03 10:32:01.000,2023-06-19 12:06:19.000
22-139,NULL,SHERRI,Active,2023-01-02 16:41:42.000,2023-06-16 10:22:41.000
22-135,NULL,SHERRI,Complete,2023-06-16 08:08:39.000,2023-06-16 10:21:25.000
22-134,NULL,SHERRI,Complete,2023-06-16 08:08:25.000,2023-06-16 10:20:56.000
22-119,NULL,SHERRI,Complete,2023-05-23 18:29:14.000,2023-06-12 10:31:58.000
21-153,NULL,SHERRI,Complete,2023-05-08 13:16:34.000,2023-06-12 10:31:58.000
21-154,NULL,DAVID,Complete,2023-05-08 13:16:44.000,2023-06-07 09:04:43.000
21-148,NULL,SHERRI,Complete,2023-02-13 10:04:05.000,2023-05-31 14:14:53.000
22-118,NULL,SHERRI,Complete,2023-05-23 18:24:24.000,2023-05-31 09:23:59.000
21-130,NULL,SHERRI,Complete,2022-02-03 10:31:56.000,2023-05-15 16:41:09.000
21-131,NULL,SHERRI,Complete,2022-02-03 10:32:08.000,2023-05-15 16:41:09.000
21-133,NULL,SHERRI,Complete,2023-02-22 08:08:02.000,2023-05-15 16:41:09.000
22-085,NULL,SHERRI,Complete,2023-05-04 13:39:46.000,2023-05-11 13:59:03.000
22-052,NULL,SHERRI,Complete,2023-05-01 08:39:23.000,2023-05-11 13:53:17.000
21-115,NULL,SHERRI,Complete,2022-07-07 15:03:11.000,2023-05-10 15:22:26.000
21-116,NULL,SHERRI,Complete,2022-07-25 08:24:26.000,2023-05-10 15:22:26.000
22-024,NULL,NICK,Complete,2022-07-14 10:45:10.000,2023-05-09 09:09:05.000
22-061,NULL,SHERRI,Complete,2023-03-28 08:16:47.000,2023-05-08 16:36:10.000
23-025,NULL,NICK,Active,2023-03-29 10:06:51.000,2023-04-20 09:43:56.000
22-083,NULL,SHERRI,Complete,2023-03-30 08:26:31.000,2023-04-11 13:03:55.000
21-113,NULL,DAVID,Complete,2022-07-07 15:02:53.000,2023-04-05 13:37:13.000
20-131,NULL,NICK,Complete,2021-05-04 07:51:30.000,2023-04-03 09:55:10.000
22-054,NULL,SHERRI,Complete,2023-03-21 14:01:56.000,2023-03-28 12:44:34.000
22-033,NULL,SHERRI,Complete,2023-03-13 08:55:03.000,2023-03-16 12:37:48.000
23-001,NULL,SHERRI,Complete,2023-03-03 10:53:02.000,2023-03-14 13:30:39.000
22-086,NULL,SHERRI,Complete,2023-03-02 08:12:32.000,2023-03-10 13:56:59.000
22-077,NULL,SHERRI,Complete,2023-02-15 11:09:04.000,2023-02-28 08:53:53.000
21-134,NULL,SHERRI,Complete,2023-02-22 08:08:14.000,2023-02-28 08:51:16.000
22-121,NULL,SHERRI,Active,2022-10-26 11:56:25.000,2023-02-22 13:23:41.000
21-142,NULL,SHERRI,Complete,2023-01-18 07:54:29.000,2023-02-22 13:07:38.000
21-143,NULL,SHERRI,Complete,2023-01-18 07:54:40.000,2023-02-22 13:07:38.000
22-019,NULL,NICK,Complete,2022-11-28 08:21:36.000,2023-02-15 10:21:09.000
22-074,NULL,SHERRI,Complete,2023-02-07 16:02:25.000,2023-02-15 10:19:16.000
22-049,NULL,SHERRI,Complete,2023-02-09 07:56:36.000,2023-02-15 10:17:20.000
22-059,NULL,SHERRI,Complete,2023-01-05 16:51:23.000,2023-02-14 16:29:06.000
21-136,NULL,SHERRI,Complete,2023-01-04 10:29:58.000,2023-02-01 14:04:04.000
22-050,NULL,SHERRI,Complete,2023-01-31 08:08:53.000,2023-02-01 11:04:32.000
21-135,NULL,SHERRI,Complete,2023-01-04 09:37:23.000,2023-02-01 10:58:13.000
22-123,NULL,SHERRI,Active,2022-11-03 12:02:19.000,2023-01-28 14:17:46.000
21-150,NULL,SHERRI,Complete,2022-12-18 20:48:40.000,2023-01-28 14:01:15.000
22-056,NULL,DAVID,Complete,2023-01-25 11:01:12.000,2023-01-25 11:01:16.000
21-119,NULL,NICK,Active,2021-10-01 14:59:54.000,2023-01-19 14:21:54.000
22-032,NULL,SHERRI,Complete,2023-01-10 18:08:43.000,2023-01-13 09:25:38.000
22-053,NULL,SHERRI,Complete,2022-12-13 15:24:47.000,2022-12-28 16:29:02.000
21-114,NULL,JASON,Complete,2022-07-08 10:03:22.000,2022-12-27 08:57:52.000
22-036,NULL,SHERRI,Complete,2022-12-03 10:32:38.000,2022-12-22 16:31:31.000
21-144,NULL,SHERRI,Complete,2022-12-09 08:19:14.000,2022-12-22 15:57:30.000
21-145,NULL,SHERRI,Complete,2022-12-09 08:19:34.000,2022-12-22 15:57:30.000
21-146,NULL,SHERRI,Complete,2022-12-09 08:19:45.000,2022-12-22 15:57:30.000
21-147,NULL,SHERRI,Complete,2022-12-09 08:19:56.000,2022-12-22 15:57:30.000
21-149,NULL,SHERRI,Complete,2022-11-28 08:09:30.000,2022-12-22 15:57:30.000
21-151,NULL,SHERRI,Complete,2022-12-03 10:15:22.000,2022-12-22 15:57:30.000
21-152,NULL,SHERRI,Complete,2022-11-28 15:53:54.000,2022-12-22 15:57:30.000
21-155,NULL,SHERRI,Complete,2022-12-03 10:08:17.000,2022-12-22 15:57:30.000
21-141,NULL,SHERRI,Complete,2022-11-28 08:09:12.000,2022-12-22 15:57:29.000
21-137,NULL,SHERRI,Complete,2022-11-28 08:09:00.000,2022-12-22 15:42:07.000
21-093,NULL,SHERRI,Complete,2022-07-08 07:47:22.000,2022-12-22 15:01:43.000
21-094,NULL,SHERRI,Complete,2022-08-05 13:20:24.000,2022-12-22 15:01:43.000
21-095,NULL,SHERRI,Complete,2022-07-25 08:43:39.000,2022-12-22 15:01:43.000
21-096,NULL,SHERRI,Complete,2022-07-08 07:47:34.000,2022-12-22 15:01:43.000
21-097,NULL,SHERRI,Complete,2022-08-05 13:20:16.000,2022-12-22 15:01:43.000
21-098,NULL,SHERRI,Complete,2022-08-16 08:02:55.000,2022-12-22 15:01:43.000
21-099,NULL,SHERRI,Complete,2022-08-16 08:03:09.000,2022-12-22 15:01:43.000
21-112,NULL,SHERRI,Complete,2022-07-08 10:03:11.000,2022-12-22 15:01:43.000
21-117,NULL,SHERRI,Complete,2022-07-25 08:24:42.000,2022-12-22 15:01:43.000
21-075,NULL,SHERRI,Complete,2022-10-06 14:56:34.000,2022-12-22 15:01:42.000
21-076,NULL,SHERRI,Complete,2022-10-06 14:56:35.000,2022-12-22 15:01:42.000
21-077,NULL,SHERRI,Complete,2022-10-06 14:56:36.000,2022-12-22 15:01:42.000
21-078,NULL,SHERRI,Complete,2022-10-06 14:56:37.000,2022-12-22 15:01:42.000
21-079,NULL,SHERRI,Complete,2022-10-06 14:56:38.000,2022-12-22 15:01:42.000
21-080,NULL,SHERRI,Complete,2022-10-06 14:56:39.000,2022-12-22 15:01:42.000
21-081,NULL,SHERRI,Complete,2022-10-06 14:56:40.000,2022-12-22 15:01:42.000
21-082,NULL,SHERRI,Complete,2022-10-06 14:56:41.000,2022-12-22 15:01:42.000
21-090,NULL,SHERRI,Complete,2022-07-08 08:33:31.000,2022-12-22 15:01:42.000
21-091,NULL,SHERRI,Complete,2022-07-08 08:33:45.000,2022-12-22 15:01:42.000
21-092,NULL,SHERRI,Complete,2022-07-25 08:43:27.000,2022-12-22 15:01:42.000
21-156,NULL,JASON,Active,2021-12-30 09:30:41.000,2022-12-09 10:09:18.000
22-128,NULL,SHERRI,Active,2022-12-08 12:16:51.000,2022-12-08 12:32:51.000
21-140,NULL,JASON,Complete,2022-05-10 13:36:08.000,2022-11-22 10:32:07.000
21-016,NULL,SHERRI,Complete,2021-07-19 17:35:42.000,2022-11-14 13:28:09.000
22-014,NULL,SHERRI,Active,2022-02-21 15:12:26.000,2022-11-04 12:53:08.000
19-088,NULL,SHERRI,Complete,2020-05-01 14:56:58.000,2022-11-01 15:00:23.000
22-042,NULL,SHERRI,Complete,2022-10-26 08:10:59.000,2022-11-01 11:33:36.000
22-040,NULL,SHERRI,Complete,2022-10-26 08:09:40.000,2022-11-01 11:33:36.000
22-041,NULL,SHERRI,Complete,2022-10-26 08:10:46.000,2022-11-01 11:33:36.000
22-043,NULL,SHERRI,Complete,2022-10-26 08:11:12.000,2022-11-01 11:33:36.000
22-117,NULL,SHERRI,Active,2022-10-20 14:59:12.000,2022-10-31 16:46:47.000
22-031,NULL,SHERRI,Complete,2022-10-04 08:03:51.000,2022-10-31 16:11:49.000
22-030,NULL,SHERRI,Complete,2022-10-04 08:03:42.000,2022-10-31 16:09:47.000
21-036,NULL,SHERRI,Complete,2021-11-18 15:55:16.000,2022-10-24 13:15:27.000
20-106,NULL,SHERRI,Complete,2022-08-31 13:51:14.000,2022-10-13 14:27:51.000
21-071,NULL,SHERRI,Complete,2022-01-13 09:34:18.000,2022-10-04 16:22:53.000
21-072,NULL,SHERRI,Complete,2022-10-04 16:16:40.000,2022-10-04 16:22:53.000
21-073,NULL,SHERRI,Complete,2022-10-04 16:16:40.000,2022-10-04 16:22:53.000
21-074,NULL,SHERRI,Complete,2022-10-04 16:16:41.000,2022-10-04 16:22:53.000
22-087,NULL,SHERRI,Active,2022-09-23 11:19:38.000,2022-09-29 16:06:01.000
21-121,NULL,NICK,Complete,2022-01-18 09:41:18.000,2022-09-29 15:54:20.000
22-058,NULL,SHERRI,Complete,2022-09-01 13:31:51.000,2022-09-29 15:49:21.000
22-029,NULL,SHERRI,Complete,2022-08-24 08:04:08.000,2022-09-29 15:40:54.000
22-006,NULL,SHERRI,Complete,2022-09-13 07:57:47.000,2022-09-29 15:29:49.000
22-004,NULL,SHERRI,Complete,2022-08-09 09:24:15.000,2022-09-29 15:28:23.000
21-157,NULL,SHERRI,Complete,2022-07-13 07:51:09.000,2022-09-29 15:20:59.000
21-037,NULL,SHERRI,Complete,2021-07-26 08:58:31.000,2022-09-28 08:53:15.000
21-038,NULL,SHERRI,Complete,2022-05-03 11:33:02.000,2022-09-28 08:53:15.000
21-087,NULL,SHERRI,Complete,2022-09-21 15:56:54.000,2022-09-21 15:56:55.000
21-088,NULL,SHERRI,Complete,2022-09-21 15:56:20.000,2022-09-21 15:56:20.000
21-086,NULL,SHERRI,Active,2022-09-21 15:55:32.000,2022-09-21 15:55:31.000
21-085,NULL,SHERRI,Active,2022-09-21 15:55:23.000,2022-09-21 15:55:22.000
21-084,NULL,SHERRI,Active,2022-09-21 15:55:14.000,2022-09-21 15:55:14.000
21-083,NULL,SHERRI,Active,2022-09-21 15:55:05.000,2022-09-21 15:55:05.000
21-031,NULL,SHERRI,Complete,2021-09-22 14:52:54.000,2022-09-12 16:38:07.000
21-042,NULL,NICK,Complete,2022-04-26 15:59:54.000,2022-09-02 09:01:34.000
21-043,NULL,NICK,Complete,2022-04-26 16:00:20.000,2022-09-02 09:01:34.000
21-044,NULL,NICK,Complete,2021-07-26 16:19:47.000,2022-09-02 09:01:34.000
21-045,NULL,NICK,Complete,2021-07-26 16:20:06.000,2022-09-02 09:01:34.000
21-046,NULL,NICK,Complete,2022-04-26 16:01:47.000,2022-09-02 09:01:34.000
22-001,NULL,JASON,Complete,2022-08-29 18:40:42.000,2022-09-01 10:35:07.000
22-017,NULL,SHERRI,Active,2022-03-10 14:06:17.000,2022-09-01 09:51:38.000
22-057,NULL,SHERRI,Complete,2022-08-03 10:51:52.000,2022-08-31 11:25:31.000
22-073,NULL,SHERRI,Active,2022-08-15 15:49:31.000,2022-08-15 15:50:34.000
22-060,NULL,SHERRI,Active,2022-07-26 10:26:50.000,2022-08-12 14:42:14.000
22-013,NULL,SHERRI,Active,2022-02-21 14:58:03.000,2022-08-05 13:44:50.000
21-158,NULL,SHERRI,Active,2022-01-04 11:27:28.000,2022-08-05 13:44:03.000
21-009,NULL,JASON,Complete,2021-10-05 13:54:37.000,2022-08-03 12:57:02.000
22-022,NULL,SHERRI,Complete,2022-07-14 10:44:52.000,2022-08-03 08:11:50.000
21-004,NULL,SHERRI,Complete,2021-06-02 08:03:14.000,2022-08-02 13:17:44.000
22-021,NULL,SHERRI,Complete,2022-07-14 10:44:44.000,2022-07-27 16:33:31.000
22-023,NULL,SHERRI,Complete,2022-07-14 10:45:01.000,2022-07-27 16:33:31.000
22-025,NULL,SHERRI,Complete,2022-07-14 10:45:18.000,2022-07-27 16:33:31.000
20-020,NULL,NICK,Complete,2020-07-28 08:24:18.000,2022-07-26 11:11:34.000
21-126,NULL,SHERRI,Complete,2022-06-14 08:05:03.000,2022-07-21 14:47:49.000
21-125,NULL,SHERRI,Active,2021-10-26 15:26:03.000,2022-07-21 14:47:49.000
22-012,NULL,SHERRI,Complete,2022-07-05 08:07:47.000,2022-07-12 16:11:23.000
21-053,NULL,SHERRI,Complete,2022-04-26 16:03:11.000,2022-07-12 16:08:51.000
21-129,NULL,SHERRI,Complete,2022-06-27 12:10:38.000,2022-07-08 12:07:27.000
21-089,NULL,SHERRI,Complete,2022-05-10 13:31:49.000,2022-06-30 11:47:46.000
21-064,NULL,JASON,Complete,2022-03-09 18:29:47.000,2022-06-24 10:30:55.000
21-026,NULL,SHERRI,Complete,2021-11-01 11:36:21.000,2022-06-23 09:29:01.000
21-056,NULL,JASON,Complete,2021-11-17 13:11:27.000,2022-06-16 11:48:16.000
21-011,NULL,SHERRI,Complete,2021-06-28 10:19:35.000,2022-06-13 16:03:24.000
22-039,NULL,SHERRI,Complete,2022-05-19 12:22:47.000,2022-05-31 15:08:03.000
21-012,NULL,JASON,Complete,2021-05-25 07:49:52.000,2022-05-02 08:39:43.000
21-025,NULL,SHERRI,Complete,2021-10-25 17:15:06.000,2022-04-29 14:31:59.000
21-127,NULL,SHERRI,Active,2021-11-01 12:04:12.000,2022-04-27 16:23:43.000
21-010,NULL,SHERRI,Complete,2021-07-20 13:29:30.000,2022-04-26 16:09:15.000
21-055,NULL,SHERRI,Complete,2022-04-26 16:03:39.000,2022-04-26 16:03:39.000
21-049,NULL,SHERRI,Complete,2022-04-26 16:02:16.000,2022-04-26 16:02:16.000
21-032,NULL,SHERRI,Complete,2022-04-26 15:58:58.000,2022-04-26 15:58:58.000
21-020,NULL,SHERRI,Complete,2022-04-26 15:58:38.000,2022-04-26 15:58:38.000
21-017,NULL,SHERRI,Complete,2022-04-26 15:58:13.000,2022-04-26 15:58:13.000
21-014,NULL,SHERRI,Complete,2022-04-26 15:57:50.000,2022-04-26 15:57:50.000
21-005,NULL,SHERRI,Complete,2022-04-26 15:47:42.000,2022-04-26 15:47:43.000
20-112,NULL,SHERRI,Complete,2022-04-26 15:47:26.000,2022-04-26 15:47:27.000
20-111,NULL,SHERRI,Complete,2022-04-26 15:47:11.000,2022-04-26 15:47:14.000
21-013,NULL,SHERRI,Complete,2021-03-25 14:12:16.000,2022-04-15 09:47:24.000
21-123,NULL,SHERRI,Complete,2022-03-29 17:20:52.000,2022-04-01 10:01:13.000
21-124,NULL,SHERRI,Complete,2022-03-29 17:30:07.000,2022-04-01 10:01:13.000
21-122,NULL,SHERRI,Complete,2022-03-09 15:00:20.000,2022-03-24 13:55:42.000
21-029,NULL,SHERRI,Complete,2021-11-01 12:24:40.000,2022-03-21 13:21:39.000
21-139,NULL,JASON,Complete,2022-03-15 08:37:23.000,2022-03-15 08:39:31.000
21-065,NULL,SHERRI,Complete,2022-02-25 14:19:51.000,2022-03-11 09:56:11.000
21-066,NULL,SHERRI,Complete,2022-02-25 14:29:09.000,2022-03-11 09:56:11.000
21-022,NULL,JASON,Complete,2021-10-14 09:12:29.000,2022-03-10 12:56:13.000
21-070,NULL,SHERRI,Complete,2022-01-18 08:20:35.000,2022-03-08 11:18:19.000
21-058,NULL,SHERRI,Complete,2021-12-13 09:20:10.000,2022-03-04 08:50:15.000
21-067,NULL,SHERRI,Complete,2022-01-17 10:58:33.000,2022-03-03 10:41:50.000
21-006,NULL,NICK,Complete,2021-02-24 13:17:51.000,2022-02-24 15:48:36.000
21-007,NULL,NICK,Complete,2021-03-31 07:53:55.000,2022-02-24 15:48:36.000
21-008,NULL,NICK,Complete,2021-03-25 15:23:21.000,2022-02-24 15:48:36.000
21-069,NULL,SHERRI,Complete,2022-01-18 08:20:24.000,2022-02-15 13:18:10.000
21-059,NULL,SHERRI,Complete,2021-12-13 09:29:15.000,2022-02-09 08:45:41.000
21-138,NULL,DAVID,Complete,2022-02-04 08:31:03.000,2022-02-04 08:31:06.000
21-001,NULL,NICK,Complete,2021-01-28 14:09:26.000,2022-02-01 08:28:37.000
21-057,NULL,SHERRI,Complete,2022-01-18 09:41:07.000,2022-01-27 13:26:01.000
21-061,NULL,SHERRI,Complete,2022-01-11 08:09:39.000,2022-01-26 14:13:41.000
21-062,NULL,SHERRI,Complete,2022-01-11 08:14:13.000,2022-01-26 14:13:41.000
21-063,NULL,SHERRI,Complete,2022-01-11 08:15:37.000,2022-01-26 14:13:41.000
21-060,NULL,SHERRI,Complete,2021-12-21 12:08:01.000,2022-01-26 14:13:41.000
20-054,NULL,SHERRI,Complete,2020-12-09 08:48:55.000,2022-01-13 10:51:17.000
21-128,NULL,SHERRI,Complete,2021-12-20 08:48:03.000,2021-12-27 14:26:24.000
21-120,NULL,SHERRI,Complete,2021-12-20 08:51:19.000,2021-12-27 14:24:47.000
21-054,NULL,SHERRI,Complete,2021-12-03 08:41:11.000,2021-12-21 13:42:43.000
20-059,NULL,JASON,Complete,2020-09-11 08:36:52.000,2021-12-14 11:38:27.000
21-033,NULL,SHERRI,Complete,2021-11-18 15:54:42.000,2021-12-01 11:20:57.000
21-034,NULL,SHERRI,Complete,2021-11-18 15:54:54.000,2021-12-01 11:20:57.000
21-035,NULL,SHERRI,Complete,2021-11-18 15:55:07.000,2021-12-01 11:20:57.000
21-019,NULL,SHERRI,Complete,2021-11-16 08:03:28.000,2021-11-30 13:44:45.000
21-018,NULL,SHERRI,Complete,2021-10-14 08:43:10.000,2021-11-30 13:42:44.000
21-047,NULL,SHERRI,Complete,2021-11-10 09:46:51.000,2021-11-16 13:23:18.000
21-048,NULL,JASON,Complete,2021-10-25 17:15:24.000,2021-11-10 10:51:15.000
19-058,NULL,SHERRI,Complete,2020-05-20 08:42:42.000,2021-11-09 10:22:57.000
19-059,NULL,SHERRI,Complete,2020-05-20 08:42:55.000,2021-11-09 10:22:57.000
21-027,NULL,SHERRI,Complete,2021-11-01 12:24:12.000,2021-11-08 10:15:51.000
21-028,NULL,SHERRI,Complete,2021-11-01 12:24:25.000,2021-11-08 10:15:51.000
21-021,NULL,JASON,Complete,2021-10-14 09:07:03.000,2021-11-03 12:18:36.000
21-023,NULL,SHERRI,Complete,2021-10-14 09:14:35.000,2021-10-27 09:23:22.000
21-024,NULL,SHERRI,Complete,2021-10-14 09:16:24.000,2021-10-27 09:22:27.000
20-041,NULL,SHERRI,Complete,2020-08-27 17:04:11.000,2021-10-27 09:18:54.000
20-048,NULL,SHERRI,Complete,2020-12-21 16:28:07.000,2021-10-25 12:48:38.000
21-040,NULL,SHERRI,Complete,2021-09-27 11:32:46.000,2021-10-06 15:03:02.000
21-030,NULL,SHERRI,Complete,2021-09-22 13:27:44.000,2021-10-06 15:03:01.000
21-039,NULL,SHERRI,Complete,2021-09-27 11:28:58.000,2021-09-30 16:31:08.000
21-050,NULL,SHERRI,Complete,2021-08-19 12:06:15.000,2021-09-02 15:53:33.000
21-015,NULL,SHERRI,Complete,2021-07-06 14:26:32.000,2021-07-14 08:50:51.000
20-082,NULL,SHERRI,Complete,2021-07-08 15:41:39.000,2021-07-08 15:41:39.000
20-072,NULL,SHERRI,Complete,2021-07-08 15:41:16.000,2021-07-08 15:41:16.000
20-069,NULL,SHERRI,Complete,2021-07-08 15:40:49.000,2021-07-08 15:40:48.000
20-066,NULL,SHERRI,Complete,2021-07-08 15:40:25.000,2021-07-08 15:40:25.000
20-065,NULL,SHERRI,Complete,2021-07-08 15:40:03.000,2021-07-08 15:40:03.000
20-063,NULL,SHERRI,Complete,2021-07-08 15:39:47.000,2021-07-08 15:39:46.000
20-060,NULL,SHERRI,Complete,2021-07-08 15:39:25.000,2021-07-08 15:39:25.000
20-040,NULL,SHERRI,Complete,2021-07-08 15:38:21.000,2021-07-08 15:39:06.000
20-036,NULL,SHERRI,Complete,2021-07-08 15:37:59.000,2021-07-08 15:37:59.000
20-025,NULL,SHERRI,Complete,2021-07-08 15:37:40.000,2021-07-08 15:37:40.000
20-021,NULL,SHERRI,Complete,2021-07-08 15:37:24.000,2021-07-08 15:37:23.000
19-122,NULL,SHERRI,Complete,2021-07-08 15:30:48.000,2021-07-08 15:30:48.000
19-118,NULL,SHERRI,Complete,2021-07-08 15:30:30.000,2021-07-08 15:30:30.000
19-117,NULL,SHERRI,Complete,2021-07-08 15:30:16.000,2021-07-08 15:30:16.000
19-078,NULL,SHERRI,Complete,2021-07-08 15:30:03.000,2021-07-08 15:30:03.000
19-067,NULL,SHERRI,Complete,2021-07-08 15:29:13.000,2021-07-08 15:29:12.000
19-037,NULL,SHERRI,Complete,2021-07-08 15:28:58.000,2021-07-08 15:28:58.000
19-029,NULL,SHERRI,Complete,2021-07-08 15:28:45.000,2021-07-08 15:28:45.000
19-005,NULL,SHERRI,Complete,2021-07-08 15:28:33.000,2021-07-08 15:28:32.000
20-051,NULL,SHERRI,Complete,2020-12-17 14:01:07.000,2021-07-01 08:54:44.000
20-129,NULL,JASON,Complete,2021-04-22 09:10:51.000,2021-06-16 10:49:43.000
20-028,NULL,SHERRI,Complete,2021-06-09 16:47:00.000,2021-06-11 12:42:21.000
20-047,NULL,SHERRI,Complete,2020-12-22 15:05:38.000,2021-06-09 14:23:50.000
21-002,NULL,SHERRI,Complete,2021-05-17 15:00:16.000,2021-05-28 08:10:21.000
20-110,NULL,SHERRI,Complete,2021-05-05 10:42:06.000,2021-05-27 15:44:01.000
20-053,NULL,SHERRI,Complete,2020-12-09 08:49:08.000,2021-05-26 14:56:22.000
20-075,NULL,SHERRI,Complete,2021-01-06 07:39:03.000,2021-05-19 15:45:06.000
20-009,NULL,SHERRI,Complete,2020-05-21 08:16:55.000,2021-05-19 09:17:54.000
20-049,NULL,SHERRI,Complete,2020-12-09 08:49:41.000,2021-05-12 16:42:47.000
20-050,NULL,SHERRI,Complete,2020-12-17 14:00:50.000,2021-05-12 16:42:47.000
19-116,NULL,SHERRI,Complete,2021-04-28 08:46:49.000,2021-05-11 09:39:37.000
20-130,NULL,SHERRI,Complete,2021-05-04 07:45:53.000,2021-05-11 09:38:10.000
20-011,NULL,NICK,Complete,2020-06-01 13:05:13.000,2021-05-10 10:23:16.000
20-010,NULL,SHERRI,Complete,2020-05-21 08:17:10.000,2021-05-05 09:25:40.000
20-121,NULL,SHERRI,Complete,2021-04-20 08:39:32.000,2021-04-29 11:55:22.000
20-117,NULL,DAVID,Complete,2021-01-21 13:11:05.000,2021-04-28 09:45:20.000
20-105,NULL,SHERRI,Complete,2021-04-01 10:19:23.000,2021-04-27 16:15:37.000
20-002,NULL,SHERRI,Complete,2020-03-24 16:45:55.000,2021-04-15 10:43:42.000
20-125,NULL,SHERRI,Complete,2021-03-31 07:49:25.000,2021-04-13 12:55:46.000
20-122,NULL,SHERRI,Complete,2021-03-22 08:08:25.000,2021-04-13 12:55:46.000
20-081,NULL,SHERRI,Complete,2021-03-22 08:23:35.000,2021-04-13 12:55:46.000
20-124,NULL,SHERRI,Complete,2021-03-31 07:49:16.000,2021-04-13 12:55:45.000
20-103,NULL,SHERRI,Complete,2021-03-05 12:31:09.000,2021-04-13 12:53:33.000
20-015,NULL,NICK,Complete,2020-07-14 07:59:36.000,2021-04-06 15:42:06.000
20-016,NULL,NICK,Complete,2020-07-14 08:06:18.000,2021-04-06 15:42:06.000
20-126,NULL,SHERRI,Complete,2021-03-22 08:43:10.000,2021-03-31 13:37:26.000
20-127,NULL,SHERRI,Complete,2021-03-22 08:43:23.000,2021-03-31 13:37:26.000
20-128,NULL,SHERRI,Complete,2021-03-05 12:47:39.000,2021-03-25 09:01:03.000
20-104,NULL,SHERRI,Complete,2021-03-05 12:35:23.000,2021-03-19 12:35:43.000
20-109,NULL,SHERRI,Complete,2021-02-01 08:19:05.000,2021-03-19 12:34:49.000
20-120,NULL,SHERRI,Complete,2021-02-01 08:19:18.000,2021-03-19 12:34:49.000
20-113,NULL,SHERRI,Complete,2021-01-27 12:13:25.000,2021-03-16 17:06:01.000
20-102,NULL,SHERRI,Complete,2021-02-12 08:24:20.000,2021-03-12 09:58:56.000
20-107,NULL,SHERRI,Complete,2021-02-24 08:13:23.000,2021-03-02 16:28:48.000
20-108,NULL,SHERRI,Complete,2021-02-24 08:13:34.000,2021-03-02 16:28:48.000
20-101,NULL,SHERRI,Complete,2021-02-12 08:07:38.000,2021-02-23 17:04:02.000
20-086,NULL,SHERRI,Complete,2021-02-01 08:11:50.000,2021-02-18 10:54:23.000
20-077,NULL,SHERRI,Complete,2021-01-15 09:13:07.000,2021-02-08 16:19:07.000
20-079,NULL,SHERRI,Complete,2020-12-17 14:01:33.000,2021-02-05 10:00:47.000
21-003,NULL,SHERRI,Complete,2021-02-02 08:06:45.000,2021-02-04 16:58:11.000
20-084,NULL,SHERRI,Complete,2020-12-22 15:00:55.000,2021-02-04 14:23:40.000
20-085,NULL,SHERRI,Complete,2021-01-15 08:27:28.000,2021-02-04 14:23:40.000
20-078,NULL,SHERRI,Complete,2020-12-17 14:01:22.000,2021-02-04 14:19:20.000
20-119,NULL,SHERRI,Complete,2021-01-26 15:26:52.000,2021-02-04 08:54:01.000
20-076,NULL,SHERRI,Complete,2021-01-15 08:49:57.000,2021-02-03 10:50:13.000
20-052,NULL,SHERRI,Complete,2020-12-09 08:49:28.000,2021-02-03 10:49:03.000
20-055,NULL,SHERRI,Complete,2020-12-09 08:44:34.000,2021-02-03 10:49:03.000
20-056,NULL,SHERRI,Complete,2020-11-05 17:04:23.000,2021-02-03 10:49:03.000
20-057,NULL,SHERRI,Complete,2020-11-05 17:04:44.000,2021-02-03 10:49:03.000
20-058,NULL,SHERRI,Complete,2020-11-05 17:04:56.000,2021-02-03 10:49:03.000
20-098,NULL,SHERRI,Complete,2020-12-21 08:17:25.000,2021-02-02 08:26:16.000
20-114,NULL,SHERRI,Complete,2021-01-21 13:10:16.000,2021-01-29 10:11:23.000
20-116,NULL,SHERRI,Complete,2021-01-21 13:10:54.000,2021-01-29 10:11:23.000
20-118,NULL,SHERRI,Complete,2021-01-21 13:11:13.000,2021-01-29 10:11:23.000
20-115,NULL,SHERRI,Complete,2021-01-21 13:10:40.000,2021-01-28 16:06:26.000
20-017,NULL,SHERRI,Complete,2020-07-14 08:09:55.000,2021-01-25 11:25:18.000
20-123,NULL,SHERRI,Complete,2020-12-10 12:08:40.000,2021-01-21 12:21:45.000
19-112,NULL,SHERRI,Complete,2021-01-17 10:48:43.000,2021-01-17 10:48:43.000
20-073,NULL,SHERRI,Complete,2021-01-06 07:46:18.000,2021-01-15 11:05:32.000
20-090,NULL,SHERRI,Complete,2020-11-16 09:57:06.000,2021-01-07 17:02:17.000
20-091,NULL,SHERRI,Complete,2020-11-16 10:06:56.000,2021-01-07 17:02:17.000
20-092,NULL,SHERRI,Complete,2020-11-17 09:18:49.000,2021-01-07 17:02:17.000
20-093,NULL,SHERRI,Complete,2020-11-30 12:31:37.000,2021-01-07 17:02:17.000
20-094,NULL,SHERRI,Complete,2020-11-30 12:36:45.000,2021-01-07 17:02:17.000
20-095,NULL,SHERRI,Complete,2020-12-14 08:03:09.000,2021-01-07 17:02:17.000
20-096,NULL,SHERRI,Complete,2020-12-14 08:09:10.000,2021-01-07 17:02:17.000
20-097,NULL,SHERRI,Complete,2020-12-21 08:10:39.000,2021-01-07 17:02:17.000
20-099,NULL,SHERRI,Complete,2020-12-21 08:21:45.000,2021-01-07 17:02:17.000
20-087,NULL,SHERRI,Complete,2020-11-05 16:51:30.000,2021-01-07 17:02:16.000
20-088,NULL,SHERRI,Complete,2020-11-05 16:57:34.000,2021-01-07 17:02:16.000
20-089,NULL,SHERRI,Complete,2020-11-17 09:15:16.000,2021-01-07 17:02:16.000
20-074,NULL,SHERRI,Complete,2020-10-29 18:03:44.000,2020-12-01 10:23:36.000
20-061,NULL,SHERRI,Complete,2020-10-26 16:25:08.000,2020-12-01 10:20:32.000
20-062,NULL,SHERRI,Complete,2020-10-26 16:25:29.000,2020-12-01 10:20:32.000
20-037,NULL,SHERRI,Complete,2020-08-05 08:46:51.000,2020-12-01 10:12:14.000
20-024,NULL,SHERRI,Complete,2020-08-19 08:45:39.000,2020-12-01 10:10:22.000
20-026,NULL,SHERRI,Complete,2020-08-17 15:44:58.000,2020-12-01 10:10:22.000
20-027,NULL,SHERRI,Complete,2020-08-26 07:36:35.000,2020-12-01 10:10:22.000
20-045,NULL,SHERRI,Complete,2020-08-26 07:36:46.000,2020-12-01 10:10:22.000
20-018,NULL,SHERRI,Complete,2020-07-28 08:01:26.000,2020-12-01 10:10:22.000
20-019,NULL,SHERRI,Complete,2020-07-28 08:07:24.000,2020-12-01 10:10:22.000
20-022,NULL,SHERRI,Complete,2020-08-17 15:19:04.000,2020-12-01 09:57:21.000
20-023,NULL,SHERRI,Complete,2020-08-25 08:01:03.000,2020-12-01 09:57:21.000
20-029,NULL,SHERRI,Complete,2020-08-26 07:39:01.000,2020-12-01 09:57:21.000
20-034,NULL,SHERRI,Complete,2020-10-30 13:49:50.000,2020-11-18 14:34:41.000
20-083,NULL,SHERRI,Complete,2020-10-22 07:44:55.000,2020-10-30 12:53:21.000
20-068,NULL,SHERRI,Complete,2020-10-14 12:49:46.000,2020-10-27 15:53:47.000
20-067,NULL,SHERRI,Complete,2020-10-14 09:11:34.000,2020-10-27 15:53:09.000
19-079,NULL,SHERRI,Complete,2020-02-25 08:59:56.000,2020-10-21 08:20:12.000
20-070,NULL,SHERRI,Complete,2020-09-08 12:31:45.000,2020-10-19 16:02:33.000
19-111,NULL,SHERRI,Complete,2020-05-20 09:10:19.000,2020-10-04 15:01:05.000
20-100,NULL,DAVID,Complete,2020-09-17 16:10:44.000,2020-09-17 16:10:48.000
20-071,NULL,SHERRI,Complete,2020-09-08 12:31:59.000,2020-09-17 08:30:41.000
20-080,NULL,SHERRI,Complete,2020-09-08 11:03:00.000,2020-09-13 14:46:49.000
20-046,NULL,SHERRI,Complete,2020-08-06 12:19:58.000,2020-08-20 14:08:12.000
19-091,NULL,SHERRI,Complete,2020-06-10 15:59:57.000,2020-08-17 16:24:10.000
20-032,NULL,SHERRI,Complete,2020-07-06 08:45:15.000,2020-08-17 16:24:10.000
20-033,NULL,SHERRI,Complete,2020-07-06 08:51:17.000,2020-08-17 16:24:10.000
20-038,NULL,SHERRI,Complete,2020-08-07 07:59:53.000,2020-08-13 14:39:18.000
19-071,NULL,SHERRI,Complete,2020-03-04 08:37:07.000,2020-08-11 12:02:51.000
20-042,NULL,SHERRI,Complete,2020-07-21 18:20:29.000,2020-08-06 11:24:24.000
20-012,NULL,SHERRI,Complete,2020-07-14 08:13:19.000,2020-07-28 14:12:21.000
20-035,NULL,SHERRI,Complete,2020-07-17 14:53:02.000,2020-07-24 13:22:20.000
19-066,NULL,JASON,Complete,2019-10-23 10:55:24.000,2020-07-16 06:40:50.000
19-089,NULL,SHERRI,Complete,2020-06-29 08:39:06.000,2020-07-10 08:12:33.000
20-044,NULL,SHERRI,Complete,2020-07-02 16:12:20.000,2020-07-10 08:12:33.000
19-099,NULL,SHERRI,Complete,2020-06-29 08:29:51.000,2020-07-08 13:11:39.000
20-014,NULL,SHERRI,Complete,2020-06-10 10:30:33.000,2020-07-08 12:54:03.000
19-090,NULL,SHERRI,Complete,2020-06-08 11:09:14.000,2020-07-08 12:52:56.000
19-103,NULL,SHERRI,Complete,2020-06-03 08:08:10.000,2020-07-08 12:52:56.000
19-086,NULL,SHERRI,Complete,2020-05-01 13:34:13.000,2020-06-26 11:12:13.000
19-087,NULL,SHERRI,Complete,2020-05-01 13:41:52.000,2020-06-26 11:12:13.000
20-039,NULL,SHERRI,Complete,2020-06-08 11:17:58.000,2020-06-18 09:06:01.000
20-004,NULL,SHERRI,Complete,2020-05-22 10:16:38.000,2020-06-17 13:20:07.000
19-034,NULL,SHERRI,Complete,2019-06-27 11:10:10.000,2020-06-16 14:41:54.000
19-035,NULL,SHERRI,Complete,2019-06-20 08:25:05.000,2020-06-16 14:41:54.000
19-093,NULL,SHERRI,Complete,2020-05-26 15:55:53.000,2020-06-10 15:09:32.000
19-097,NULL,SHERRI,Complete,2020-05-26 15:56:11.000,2020-06-10 15:09:32.000
19-100,NULL,SHERRI,Complete,2020-06-03 08:10:47.000,2020-06-10 15:09:32.000
20-064,NULL,DAVID,Complete,2020-06-03 11:52:31.000,2020-06-10 11:11:09.000
19-124,NULL,SHERRI,Complete,2020-01-27 16:02:53.000,2020-05-29 11:47:21.000
19-123,NULL,JASON,Complete,2020-01-27 16:02:38.000,2020-05-28 10:36:14.000
20-031,NULL,NIRAL,Complete,2020-05-28 09:04:39.000,2020-05-28 09:29:34.000
19-065,NULL,SHERRI,Complete,2020-05-05 16:23:29.000,2020-05-27 10:58:18.000
19-114,NULL,SHERRI,Complete,2020-04-03 11:05:08.000,2020-05-22 13:02:41.000
20-005,NULL,SHERRI,Complete,2020-05-21 08:16:12.000,2020-05-22 12:45:05.000
20-006,NULL,SHERRI,Complete,2020-05-21 08:16:26.000,2020-05-22 12:45:05.000
20-030,NULL,DAVID,Complete,2020-05-21 08:17:24.000,2020-05-21 08:17:41.000
20-007,NULL,DAVID,Complete,2020-05-21 08:16:36.000,2020-05-21 08:17:40.000
20-008,NULL,DAVID,Complete,2020-05-21 08:16:46.000,2020-05-21 08:17:40.000
19-105,NULL,SHERRI,Complete,2020-03-10 15:21:05.000,2020-05-14 15:35:41.000
19-106,NULL,SHERRI,Complete,2020-03-10 15:21:16.000,2020-05-14 15:35:41.000
19-107,NULL,SHERRI,Complete,2020-03-10 15:21:31.000,2020-05-14 15:35:41.000
19-108,NULL,SHERRI,Complete,2020-03-10 15:21:45.000,2020-05-14 15:35:41.000
19-109,NULL,SHERRI,Complete,2020-03-10 15:21:57.000,2020-05-14 15:35:41.000
19-104,NULL,SHERRI,Complete,2020-03-10 15:20:37.000,2020-05-14 15:35:41.000
19-061,NULL,SHERRI,Complete,2020-05-05 16:22:25.000,2020-05-14 12:21:08.000
19-062,NULL,SHERRI,Complete,2020-05-05 16:22:36.000,2020-05-14 12:21:08.000
19-063,NULL,SHERRI,Complete,2020-05-05 16:22:49.000,2020-05-14 12:21:08.000
19-064,NULL,SHERRI,Complete,2020-05-05 16:23:18.000,2020-05-14 12:21:08.000
19-060,NULL,SHERRI,Complete,2020-05-05 16:22:11.000,2020-05-14 12:21:08.000
19-082,NULL,SHERRI,Complete,2020-04-30 07:49:06.000,2020-05-07 15:23:58.000
19-083,NULL,SHERRI,Complete,2020-04-08 11:04:35.000,2020-05-01 10:52:46.000
19-110,NULL,SHERRI,Complete,2020-04-24 14:02:18.000,2020-05-01 10:52:46.000
20-001,NULL,SHERRI,Complete,2020-04-13 09:05:09.000,2020-05-01 10:52:46.000
19-098,NULL,SHERRI,Complete,2020-04-24 14:02:01.000,2020-05-01 09:42:45.000
19-084,NULL,SHERRI,Complete,2020-03-16 17:43:47.000,2020-04-30 16:41:00.000
20-043,NULL,DAVID,Complete,2020-04-30 07:46:32.000,2020-04-30 07:47:40.000
19-075,NULL,SHERRI,Complete,2020-02-12 18:08:25.000,2020-04-29 09:06:47.000
19-030,NULL,JASON,Complete,2019-08-07 07:56:08.000,2020-04-27 09:17:20.000
19-121,NULL,SHERRI,Complete,2020-04-20 15:24:33.000,2020-04-24 14:55:10.000
19-101,NULL,SHERRI,Complete,2020-04-08 09:16:49.000,2020-04-23 12:20:16.000
19-102,NULL,SHERRI,Complete,2020-03-31 08:35:49.000,2020-04-23 12:20:16.000
19-092,NULL,SHERRI,Complete,2020-03-31 08:35:39.000,2020-04-23 12:20:15.000
19-094,NULL,SHERRI,Complete,2020-04-08 09:16:37.000,2020-04-23 12:20:15.000
19-095,NULL,SHERRI,Complete,2020-03-31 08:17:33.000,2020-04-23 12:20:15.000
19-096,NULL,SHERRI,Complete,2020-03-31 08:30:47.000,2020-04-23 12:20:15.000
19-006,NULL,SHERRI,Complete,2019-08-21 08:10:40.000,2020-04-22 11:09:11.000
19-007,NULL,SHERRI,Complete,2019-08-21 08:16:03.000,2020-04-20 14:00:23.000
19-008,NULL,SHERRI,Complete,2019-09-12 07:54:50.000,2020-04-20 14:00:23.000
19-009,NULL,SHERRI,Complete,2019-05-15 09:51:10.000,2020-04-20 14:00:23.000
19-010,NULL,SHERRI,Complete,2019-06-03 11:25:49.000,2020-04-20 14:00:23.000
19-041,NULL,NICK,Complete,2019-10-07 08:14:58.000,2020-04-16 09:04:24.000
19-032,NULL,SHERRI,Complete,2019-06-27 11:08:25.000,2020-03-31 12:57:20.000
19-033,NULL,SHERRI,Complete,2019-06-27 11:10:01.000,2020-03-31 12:57:20.000
19-072,NULL,SHERRI,Complete,2020-03-04 08:32:04.000,2020-03-25 10:24:33.000
19-073,NULL,SHERRI,Complete,2020-03-04 07:21:46.000,2020-03-25 10:24:33.000
19-070,NULL,SHERRI,Complete,2020-02-24 07:45:18.000,2020-03-13 13:54:02.000
19-012,NULL,NICK,Complete,2019-06-03 11:26:19.000,2020-03-03 16:37:47.000
19-042,NULL,NICK,Complete,2019-09-19 07:57:37.000,2020-03-02 08:58:16.000
19-120,NULL,NICK,Complete,2020-01-27 15:01:13.000,2020-02-28 12:33:12.000
19-038,NULL,NICK,Complete,2019-08-22 08:54:33.000,2020-02-28 08:43:32.000
19-119,NULL,NICK,Complete,2020-01-27 15:01:00.000,2020-02-20 08:02:10.000
19-011,NULL,NICK,Complete,2019-06-03 11:26:04.000,2020-02-13 09:33:17.000
19-077,NULL,JASON,Complete,2019-12-18 09:54:17.000,2020-02-12 09:44:20.000
19-043,NULL,NICK,Complete,2019-09-19 08:01:31.000,2020-02-03 15:55:20.000
19-051,NULL,NICK,Complete,2019-11-11 08:35:40.000,2020-01-30 13:34:08.000
20-013,NULL,SHERRI,Complete,2020-01-29 13:43:24.000,2020-01-30 10:31:50.000
19-125,NULL,SHERRI,Complete,2020-01-27 16:03:06.000,2020-01-30 10:27:21.000
20-003,NULL,SHERRI,Complete,2020-01-20 12:56:21.000,2020-01-22 07:49:52.000
19-113,NULL,SHERRI,Complete,2020-01-14 11:25:11.000,2020-01-16 15:18:10.000
19-069,NULL,SHERRI,Complete,2019-11-15 09:02:11.000,2019-12-31 11:48:04.000
19-076,NULL,SHERRI,Complete,2019-12-18 09:49:37.000,2019-12-27 12:21:18.000
19-039,NULL,SHERRI,Complete,2019-12-10 16:30:47.000,2019-12-19 12:35:11.000
19-115,NULL,SHERRI,Complete,2019-12-16 12:22:21.000,2019-12-19 12:33:13.000
19-040,NULL,SHERRI,Complete,2019-09-30 15:18:59.000,2019-12-17 10:20:55.000
19-080,NULL,SHERRI,Complete,2019-11-11 08:11:38.000,2019-11-19 11:43:24.000
19-081,NULL,SHERRI,Complete,2019-11-11 08:25:16.000,2019-11-19 11:42:45.000
19-068,NULL,SHERRI,Complete,2019-11-11 10:27:10.000,2019-11-19 11:41:51.000
19-074,NULL,SHERRI,Complete,2019-11-12 16:01:23.000,2019-11-19 11:09:34.000
19-048,NULL,NICK,Complete,2019-09-19 08:48:13.000,2019-11-18 15:31:31.000
19-054,NULL,JASON,Complete,2019-10-09 10:48:20.000,2019-11-14 09:22:17.000
19-055,NULL,JASON,Complete,2019-10-09 10:48:43.000,2019-11-14 09:22:17.000
19-056,NULL,SHERRI,Complete,2019-10-23 08:29:50.000,2019-10-25 12:09:35.000
19-052,NULL,SHERRI,Complete,2019-10-07 13:03:55.000,2019-10-24 12:14:32.000
19-053,NULL,SHERRI,Complete,2019-10-07 13:48:14.000,2019-10-24 12:14:32.000
19-047,NULL,SHERRI,Complete,2019-09-19 08:29:41.000,2019-10-24 12:04:37.000
19-002,NULL,SHERRI,Complete,2019-10-09 10:57:55.000,2019-10-21 15:35:48.000
19-025,NULL,SHERRI,Complete,2019-10-07 08:14:45.000,2019-10-11 10:40:01.000
19-085,NULL,SHERRI,Complete,2019-10-07 13:50:22.000,2019-10-11 08:07:38.000
19-050,NULL,SHERRI,Complete,2019-09-20 11:18:23.000,2019-10-03 12:05:59.000
19-049,NULL,SHERRI,Complete,2019-09-20 11:18:04.000,2019-10-03 12:05:58.000
19-044,NULL,SHERRI,Complete,2019-08-28 13:51:13.000,2019-09-11 08:32:49.000
19-045,NULL,SHERRI,Complete,2019-08-28 13:51:34.000,2019-09-11 08:32:49.000
19-046,NULL,SHERRI,Complete,2019-08-28 13:51:48.000,2019-09-11 08:32:49.000
19-028,NULL,NICK,Complete,2019-08-07 07:51:55.000,2019-09-10 09:26:58.000
19-027,NULL,SHERRI,Complete,2019-08-07 07:45:20.000,2019-08-09 11:25:10.000
19-015,NULL,SHERRI,Complete,2019-07-22 07:50:03.000,2019-07-30 13:11:03.000
19-036,NULL,SHERRI,Complete,2019-06-20 08:25:19.000,2019-07-30 13:06:46.000
19-031,NULL,SHERRI,Complete,2019-06-27 11:08:15.000,2019-07-30 13:06:45.000
19-057,NULL,SHERRI,Complete,2019-07-17 10:30:46.000,2019-07-25 11:20:23.000
19-003,NULL,SHERRI,Complete,2019-03-06 16:26:40.000,2019-06-17 13:21:15.000
19-013,NULL,SHERRI,Complete,2019-06-03 11:26:31.000,2019-06-10 09:06:16.000
19-014,NULL,DAVID,Complete,2019-05-01 13:07:04.000,2019-05-01 13:07:11.000
19-004,NULL,SHERRI,Complete,2019-04-15 08:01:29.000,2019-05-01 08:25:29.000
19-016,NULL,SHERRI,Complete,2019-04-09 13:43:48.000,2019-04-11 13:50:43.000
